{
    "CLI_package_name": "certora-cli",
    "CLI_version": "7.25.3",
    "branch": "main",
    "certora_ci_client": null,
    "conf": {
        "files": [
            "src/A.sol",
            "src/Ao.sol"
        ],
        "msg": "Verification of effiecient loop incrementation",
        "optimistic_loop": true,
        "process": "emv",
        "prover_version": "master",
        "rule_sanity": "basic",
        "send_only": true,
        "server": "production",
        "verify": "Ao:../specs/mappingarray.spec"
    },
    "conf_path": "certora/mappings-vs-arrays/conf/mappingarray.conf",
    "cwd_relative": "certora/mappings-vs-arrays/conf",
    "dirty": true,
    "group_id": null,
    "main_spec": "../specs/mappingarray.spec",
    "origin": "https://github.com/manvillarim/GasOptimization_Catalog.git",
    "python_version": "3.13.7",
    "raw_args": [
        "/home/manoel/.local/bin/certoraRun",
        "--prover_version",
        "master",
        "mappingarray.conf"
    ],
    "revision": "9239b7d3dee343b4b19a265a7a61864a6db6db98",
    "timestamp": "1758310864.363655"
}