{
    "CLI_package_name": "",
    "CLI_version": "",
    "branch": "main",
    "certora_ci_client": null,
    "conf": {
        "files": [
            "src/A.sol",
            "src/Ao.sol"
        ],
        "msg": "Verification of effiecient loop incrementation",
        "optimistic_loop": true,
        "process": "emv",
        "prover_version": "master",
        "rule_sanity": "basic",
        "send_only": true,
        "server": "production",
        "verify": "Ao:../specs/booleanpacking.spec"
    },
    "conf_path": "certora/boolean-packing/conf/booleanpacking.conf",
    "cwd_relative": "certora/boolean-packing/conf",
    "dirty": true,
    "group_id": null,
    "main_spec": "../specs/booleanpacking.spec",
    "origin": "https://github.com/manvillarim/GasOptimization_Catalog.git",
    "python_version": "3.13.5",
    "raw_args": [
        "/home/manoel/certora_builds/certoraRun.py",
        "--prover_version",
        "master",
        "booleanpacking.conf"
    ],
    "revision": "4b2aac0e3870d034a5c85191227b514faae67f78",
    "timestamp": "1755250365.18598"
}