{
    "CLI_package_name": "",
    "CLI_version": "",
    "branch": "main",
    "certora_ci_client": null,
    "conf": {
        "files": [
            "src/A.sol",
            "src/Ao.sol"
        ],
        "msg": "Verification of effiecient loop incrementation",
        "optimistic_loop": true,
        "process": "emv",
        "prover_version": "master",
        "rule_sanity": "basic",
        "send_only": true,
        "server": "production",
        "verify": "Ao:../specs/singleline.spec"
    },
    "conf_path": "certora/single-line-swap/conf/singleline.conf",
    "cwd_relative": "certora/single-line-swap/conf",
    "dirty": true,
    "group_id": null,
    "main_spec": "../specs/singleline.spec",
    "origin": "https://github.com/manvillarim/GasOptimization_Catalog.git",
    "python_version": "3.13.3",
    "raw_args": [
        "/home/manoel/certora_builds/certoraRun.py",
        "--prover_version",
        "master",
        "singleline.conf"
    ],
    "revision": "bc3442dacdbfc2396b62b7c76d50fb1cd6d70e55",
    "timestamp": "1752187000.89666"
}