{
    "CLI_package_name": "",
    "CLI_version": "",
    "branch": "main",
    "certora_ci_client": null,
    "conf": {
        "files": [
            "src/A.sol",
            "src/Ao.sol"
        ],
        "msg": "Verification of effiecient loop incrementation",
        "optimistic_loop": true,
        "process": "emv",
        "prover_version": "master",
        "rule_sanity": "basic",
        "send_only": true,
        "server": "production",
        "verify": "Ao:../specs/loopscomputations.spec"
    },
    "conf_path": "certora/refactoring-loops-with-repeated-computations/conf/loopscomputations.conf",
    "cwd_relative": "certora/refactoring-loops-with-repeated-computations/conf",
    "dirty": true,
    "group_id": null,
    "main_spec": "../specs/loopscomputations.spec",
    "origin": "https://github.com/manvillarim/GasOptimization_Catalog.git",
    "python_version": "3.13.5",
    "raw_args": [
        "/home/manoel/certora_builds/certoraRun.py",
        "--prover_version",
        "master",
        "loopscomputations.conf"
    ],
    "revision": "40f47bd68b06dd38ad7c3b0028017aa661063dde",
    "timestamp": "1755614446.948013"
}