{
    "CLI_package_name": "",
    "CLI_version": "",
    "branch": "main",
    "certora_ci_client": null,
    "conf": {
        "files": [
            "src/A.sol",
            "src/Ao.sol"
        ],
        "msg": "Verification of effiecient loop incrementation",
        "optimistic_loop": true,
        "process": "emv",
        "prover_version": "master",
        "rule_sanity": "basic",
        "send_only": true,
        "server": "production",
        "verify": "Ao:../specs/reduceexpressions.spec"
    },
    "conf_path": "certora/reduce-expressions/conf/reduceexpressions.conf",
    "cwd_relative": "certora/reduce-expressions/conf",
    "dirty": true,
    "group_id": null,
    "main_spec": "../specs/reduceexpressions.spec",
    "origin": "https://github.com/manvillarim/GasOptimization_Catalog.git",
    "python_version": "3.13.5",
    "raw_args": [
        "/home/manoel/certora_builds/certoraRun.py",
        "--prover_version",
        "master",
        "reduceexpressions.conf"
    ],
    "revision": "72df34af653e9a8263fd3394d79ac460b7d0a4a4",
    "timestamp": "1752521034.899038"
}