{
    "CLI_package_name": "",
    "CLI_version": "",
    "branch": "main",
    "certora_ci_client": null,
    "conf": {
        "files": [
            "src/A.sol",
            "src/Ao.sol"
        ],
        "msg": "Verification of effiecient loop incrementation",
        "optimistic_loop": true,
        "process": "emv",
        "prover_version": "master",
        "rule_sanity": "basic",
        "send_only": true,
        "server": "production",
        "verify": "Ao:../specs/limitfunctions.spec"
    },
    "conf_path": "certora/limit-functions/conf/limitfunctions.conf",
    "cwd_relative": "certora/limit-functions/conf",
    "dirty": false,
    "group_id": null,
    "main_spec": "../specs/limitfunctions.spec",
    "origin": "https://github.com/manvillarim/GasOptimization_Catalog.git",
    "python_version": "3.13.3",
    "raw_args": [
        "/home/manoel/certora_builds/certoraRun.py",
        "--prover_version",
        "master",
        "limitfunctions.conf"
    ],
    "revision": "60a84bcede8ac045645d5e4921ee8085b46b804b",
    "timestamp": "1752186370.315075"
}