{
    "CLI_package_name": "",
    "CLI_version": "",
    "branch": "main",
    "certora_ci_client": null,
    "conf": {
        "files": [
            "src/A.sol",
            "src/Ao.sol"
        ],
        "msg": "Verification of effiecient loop incrementation",
        "optimistic_loop": true,
        "process": "emv",
        "prover_version": "master",
        "rule_sanity": "basic",
        "send_only": true,
        "server": "production",
        "verify": "Ao:../specs/writevalues.spec"
    },
    "conf_path": "certora/write-values-directly/conf/writevalues.conf",
    "cwd_relative": "certora/write-values-directly/conf",
    "dirty": true,
    "group_id": null,
    "main_spec": "../specs/writevalues.spec",
    "origin": "https://github.com/manvillarim/GasOptimization_Catalog.git",
    "python_version": "3.13.3",
    "raw_args": [
        "/home/manoel/certora_builds/certoraRun.py",
        "--prover_version",
        "master",
        "writevalues.conf"
    ],
    "revision": "3b4f9407a7b221f56c5360c4f58ab41c555baeeb",
    "timestamp": "1752228491.45354"
}