{
    "CLI_package_name": "",
    "CLI_version": "",
    "branch": "main",
    "certora_ci_client": null,
    "conf": {
        "files": [
            "src/A.sol",
            "src/Ao.sol"
        ],
        "msg": "Verification of effiecient loop incrementation",
        "optimistic_loop": true,
        "process": "emv",
        "prover_version": "master",
        "rule_sanity": "basic",
        "send_only": true,
        "server": "production",
        "verify": "Ao:../specs/fixedarrays.spec"
    },
    "conf_path": "certora/fixed-size-arrays/conf/fixedarrays.conf",
    "cwd_relative": "certora/fixed-size-arrays/conf",
    "dirty": true,
    "group_id": null,
    "main_spec": "../specs/fixedarrays.spec",
    "origin": "https://github.com/manvillarim/GasOptimization_Catalog.git",
    "python_version": "3.13.5",
    "raw_args": [
        "/home/manoel/certora_builds/certoraRun.py",
        "--prover_version",
        "master",
        "fixedarrays.conf"
    ],
    "revision": "e8ffeda9acb725fa3fcef4f75c4faa82aa2ee79b",
    "timestamp": "1755211756.622438"
}