{
    "CLI_package_name": "",
    "CLI_version": "",
    "branch": "main",
    "certora_ci_client": null,
    "conf": {
        "files": [
            "src/A.sol",
            "src/Ao.sol"
        ],
        "msg": "Verification of effiecient loop incrementation",
        "optimistic_loop": true,
        "process": "emv",
        "prover_args": [
            " -smt_groundQuantifiers",
            "false"
        ],
        "prover_version": "master",
        "rule_sanity": "basic",
        "send_only": true,
        "server": "production",
        "verify": "Ao:../specs/shortcircuiting.spec"
    },
    "conf_path": "certora/short-circuiting/conf/shortcircuiting.conf",
    "cwd_relative": "certora/short-circuiting/conf",
    "dirty": true,
    "group_id": null,
    "main_spec": "../specs/shortcircuiting.spec",
    "origin": "https://github.com/manvillarim/GasOptimization_Catalog.git",
    "python_version": "3.13.3",
    "raw_args": [
        "/home/manoel/certora_builds/certoraRun.py",
        "--prover_version",
        "master",
        "shortcircuiting.conf",
        "--prover_args",
        "-smt_groundQuantifiers",
        "false"
    ],
    "revision": "6452cf1fcea86a5500fb2a3312bbc15d049fb92e",
    "timestamp": "1752230608.167439"
}