{
    "CLI_package_name": "",
    "CLI_version": "",
    "branch": "main",
    "certora_ci_client": null,
    "conf": {
        "files": [
            "./RewardsDistributor/RewardsDistributorOriginal.sol",
            "./RewardsDistributor/RewardsDistributorOptimized.sol"
        ],
        "msg": "Equivalence check for gas optimizations",
        "optimistic_loop": true,
        "packages": [
            "openzeppelin-contracts-upgradeable=aave-v3-origin/lib/solidity-utils/lib/openzeppelin-contracts-upgradeable",
            "openzeppelin-contracts=aave-v3-origin/lib/solidity-utils/lib/openzeppelin-contracts-upgradeable/lib/openzeppelin-contracts",
            "@openzeppelin=aave-v3-origin/lib/solidity-utils/lib/openzeppelin-contracts-upgradeable/lib/openzeppelin-contracts"
        ],
        "process": "emv",
        "prover_version": "master",
        "rule_sanity": "basic",
        "server": "production",
        "solc_via_ir": true,
        "verify": "RewardsDistributorOptimized:../specs/RewardsDistributor.spec"
    },
    "conf_path": "case-study/conf/RewardsDistributor.conf",
    "cwd_relative": "case-study/conf",
    "dirty": true,
    "group_id": null,
    "main_spec": "../specs/RewardsDistributor.spec",
    "origin": "https://github.com/manvillarim/GasOptimization_Catalog.git",
    "python_version": "3.13.7",
    "raw_args": [
        "/home/manoel/certora_builds/certoraRun.py",
        "--prover_version",
        "master",
        "RewardsDistributor.conf"
    ],
    "revision": "3ce33c5664c2ae97437a5c8108f91da64d3e6995",
    "timestamp": "1759516614.45419"
}