{
    "CLI_package_name": "",
    "CLI_version": "",
    "branch": "main",
    "certora_ci_client": null,
    "conf": {
        "files": [
            "src/A.sol",
            "src/Ao.sol"
        ],
        "msg": "Verification of effiecient loop incrementation",
        "optimistic_loop": true,
        "process": "emv",
        "prover_version": "master",
        "rule_sanity": "basic",
        "send_only": true,
        "server": "production",
        "verify": "Ao:../specs/limitmodifiers.spec"
    },
    "conf_path": "certora/limit-modifiers/conf/limitmodifiers.conf",
    "cwd_relative": "certora/limit-modifiers/conf",
    "dirty": true,
    "group_id": null,
    "main_spec": "../specs/limitmodifiers.spec",
    "origin": "https://github.com/manvillarim/GasOptimization_Catalog.git",
    "python_version": "3.13.3",
    "raw_args": [
        "/home/manoel/certora_builds/certoraRun.py",
        "--prover_version",
        "master",
        "limitmodifiers.conf"
    ],
    "revision": "d6de8af5a17c83e475991238d15c1c5b30dfe713",
    "timestamp": "1751922074.988659"
}