{
    "CLI_package_name": "",
    "CLI_version": "",
    "branch": "main",
    "certora_ci_client": null,
    "conf": {
        "files": [
            "src/A.sol",
            "src/Ao.sol"
        ],
        "msg": "Verification of effiecient loop incrementation",
        "optimistic_loop": true,
        "process": "emv",
        "prover_version": "master",
        "rule_sanity": "basic",
        "send_only": true,
        "server": "production",
        "verify": "Ao:../specs/combineloops.spec"
    },
    "conf_path": "certora/combine-loops/conf/combineloops.conf",
    "cwd_relative": "certora/combine-loops/conf",
    "dirty": false,
    "group_id": null,
    "main_spec": "../specs/combineloops.spec",
    "origin": "https://github.com/manvillarim/GasOptimization_Catalog.git",
    "python_version": "3.13.3",
    "raw_args": [
        "/home/manoel/certora_builds/certoraRun.py",
        "--prover_version",
        "master",
        "combineloops.conf"
    ],
    "revision": "c63cc98d7a856613cc4a271e059850a1d5bf4031",
    "timestamp": "1751876210.870002"
}