{
    "CLI_package_name": "",
    "CLI_version": "",
    "branch": "main",
    "certora_ci_client": null,
    "conf": {
        "files": [
            "src/A.sol",
            "src/Ao.sol"
        ],
        "msg": "Verification of effiecient loop incrementation",
        "optimistic_loop": true,
        "process": "emv",
        "prover_version": "master",
        "rule_sanity": "basic",
        "send_only": true,
        "server": "production",
        "verify": "Ao:../specs/continue.spec"
    },
    "conf_path": "certora/continue/conf/continue.conf",
    "cwd_relative": "certora/continue/conf",
    "dirty": true,
    "group_id": null,
    "main_spec": "../specs/continue.spec",
    "origin": "https://github.com/manvillarim/GasOptimization_Catalog.git",
    "python_version": "3.13.9",
    "raw_args": [
        "/home/manoel/certora_builds/certoraRun.py",
        "--prover_version",
        "master",
        "continue.conf"
    ],
    "revision": "0f21890594ea819644e8961d56a8b756f10ba908",
    "timestamp": "1762205043.161138"
}