{
    "CLI_package_name": "",
    "CLI_version": "",
    "branch": "main",
    "certora_ci_client": null,
    "conf": {
        "files": [
            "./Harness/RewardsDistributor/RewardsDistributorOriginal.sol",
            "./Harness/RewardsDistributor/RewardsDistributorOptimized.sol"
        ],
        "msg": "RewardsDistributor - Equivalence check for gas optimizations",
        "optimistic_hashing": true,
        "optimistic_loop": true,
        "packages": [
            "Harness=./Harness",
            "aave-v3-origin=./aave-v3-origin",
            "aave-v3-origin-full-optimized=./aave-v3-origin-full-optimized",
            "openzeppelin-contracts-upgradeable=./aave-v3-origin/lib/solidity-utils/lib/openzeppelin-contracts-upgradeable",
            "openzeppelin-contracts=./aave-v3-origin/lib/solidity-utils/lib/openzeppelin-contracts-upgradeable/lib/openzeppelin-contracts",
            "@openzeppelin=./aave-v3-origin/lib/solidity-utils/lib/openzeppelin-contracts-upgradeable/lib/openzeppelin-contracts"
        ],
        "process": "emv",
        "prover_version": "master",
        "rule_sanity": "basic",
        "server": "production",
        "solc_evm_version": "shanghai",
        "solc_optimize": "200",
        "solc_via_ir": true,
        "verify": "RewardsDistributorOptimized:./specs/RewardsDistributor.spec"
    },
    "conf_path": "case-study/RewardsDistributor.conf",
    "cwd_relative": "case-study",
    "dirty": true,
    "group_id": null,
    "main_spec": "./specs/RewardsDistributor.spec",
    "origin": "https://github.com/manvillarim/GasOptimization_Catalog.git",
    "python_version": "3.13.9",
    "raw_args": [
        "/home/manoel/certora_builds/certoraRun.py",
        "--prover_version",
        "master",
        "./conf/RewardsDistributor.conf"
    ],
    "revision": "3068e77f7478751fc4ca4f521e1a088108ea2c78",
    "timestamp": "1763067693.727059"
}