{
    "CLI_package_name": "",
    "CLI_version": "",
    "branch": "main",
    "certora_ci_client": null,
    "conf": {
        "files": [
            "src/A.sol",
            "src/Ao.sol"
        ],
        "msg": "Verification of effiecient loop incrementation",
        "optimistic_loop": true,
        "process": "emv",
        "prover_version": "master",
        "rule_sanity": "basic",
        "send_only": true,
        "server": "production",
        "verify": "Ao:../specs/functionvisibility.spec"
    },
    "conf_path": "certora/function-visibility/conf/functionvisibility.conf",
    "cwd_relative": "certora/function-visibility/conf",
    "dirty": true,
    "group_id": null,
    "main_spec": "../specs/functionvisibility.spec",
    "origin": "https://github.com/manvillarim/GasOptimization_Catalog.git",
    "python_version": "3.13.5",
    "raw_args": [
        "/home/manoel/certora_builds/certoraRun.py",
        "--prover_version",
        "master",
        "functionvisibility.conf"
    ],
    "revision": "8da63fa36e4afc6b01d18f40cb85170ac97e7d4e",
    "timestamp": "1753397041.941407"
}