{
    "CLI_package_name": "",
    "CLI_version": "",
    "branch": "main",
    "certora_ci_client": null,
    "conf": {
        "files": [
            "../Harness/RewardsDistributor/RewardsDistributorOriginal.sol",
            "../Harness/RewardsDistributor/RewardsDistributorOptimized.sol"
        ],
        "msg": "RewardsDistributor - Equivalence check for gas optimizations",
        "optimistic_hashing": true,
        "optimistic_loop": true,
        "packages": [
            "Harness=../Harness",
            "aave-v3-origin=../aave-v3-origin",
            "aave-v3-origin-liquidation-gas-fixes=../aave-v3-origin-liquidation-gas-fixes",
            "openzeppelin-contracts-upgradeable=../aave-v3-origin/lib/solidity-utils/lib/openzeppelin-contracts-upgradeable",
            "openzeppelin-contracts=../aave-v3-origin/lib/solidity-utils/lib/openzeppelin-contracts-upgradeable/lib/openzeppelin-contracts",
            "@openzeppelin=../aave-v3-origin/lib/solidity-utils/lib/openzeppelin-contracts-upgradeable/lib/openzeppelin-contracts"
        ],
        "process": "emv",
        "prover_version": "master",
        "rule_sanity": "basic",
        "server": "production",
        "solc_evm_version": "shanghai",
        "solc_optimize": "200",
        "solc_via_ir": true,
        "verify": "RewardsDistributorOptimized:../specs/RewardsDistributor.spec"
    },
    "conf_path": "case-study/conf/RewardsDistributor.conf",
    "cwd_relative": "case-study/conf",
    "dirty": true,
    "group_id": null,
    "main_spec": "../specs/RewardsDistributor.spec",
    "origin": "https://github.com/manvillarim/GasOptimization_Catalog.git",
    "python_version": "3.13.7",
    "raw_args": [
        "/home/manoel/certora_builds/certoraRun.py",
        "--prover_version",
        "master",
        "RewardsDistributor.conf"
    ],
    "revision": "375e17a0871925662f0c35787aa8fb95d4c8de55",
    "timestamp": "1761302053.862799"
}