{
    "CLI_package_name": "",
    "CLI_version": "",
    "branch": "main",
    "certora_ci_client": null,
    "conf": {
        "files": [
            "./Collector/CollectorOriginal.sol",
            "./Collector/CollectorOptimized.sol"
        ],
        "msg": "Pool - Equivalence check for gas optimizations",
        "optimistic_hashing": true,
        "optimistic_loop": true,
        "packages": [
            "openzeppelin-contracts-upgradeable=aave-v3-origin/lib/solidity-utils/lib/openzeppelin-contracts-upgradeable",
            "openzeppelin-contracts=aave-v3-origin/lib/solidity-utils/lib/openzeppelin-contracts-upgradeable/lib/openzeppelin-contracts",
            "@openzeppelin=aave-v3-origin/lib/solidity-utils/lib/openzeppelin-contracts-upgradeable/lib/openzeppelin-contracts"
        ],
        "process": "emv",
        "prover_version": "master",
        "rule_sanity": "basic",
        "server": "production",
        "solc_evm_version": "shanghai",
        "solc_optimize": "200",
        "solc_via_ir": true,
        "verify": "CollectorOptimized:../specs/Collector.spec"
    },
    "conf_path": "case-study/conf/Collector.conf",
    "cwd_relative": "case-study/conf",
    "dirty": true,
    "group_id": null,
    "main_spec": "../specs/Collector.spec",
    "origin": "https://github.com/manvillarim/GasOptimization_Catalog.git",
    "python_version": "3.13.7",
    "raw_args": [
        "/home/manoel/certora_builds/certoraRun.py",
        "--prover_version",
        "master",
        "Collector.conf"
    ],
    "revision": "a38edfe390a3508865d3c44be3b9b7eee94f8c33",
    "timestamp": "1759781511.66207"
}