{
    "CLI_package_name": "",
    "CLI_version": "",
    "branch": "main",
    "certora_ci_client": null,
    "conf": {
        "files": [
            "./Harness/Collector/CollectorOriginal.sol",
            "./Harness/Collector/CollectorOptimized.sol"
        ],
        "msg": "Collector - Equivalence check for gas optimizations",
        "optimistic_hashing": true,
        "optimistic_loop": true,
        "packages": [
            "Harness=../Harness",
            "aave-v3-origin=./aave-v3-origin",
            "aave-v3-origin-full-optimized=./aave-v3-origin-liquidation-gas-fixes",
            "openzeppelin-contracts-upgradeable=./aave-v3-origin/lib/solidity-utils/lib/openzeppelin-contracts-upgradeable",
            "openzeppelin-contracts=./aave-v3-origin/lib/solidity-utils/lib/openzeppelin-contracts-upgradeable/lib/openzeppelin-contracts",
            "@openzeppelin=./aave-v3-origin/lib/solidity-utils/lib/openzeppelin-contracts-upgradeable/lib/openzeppelin-contracts"
        ],
        "process": "emv",
        "prover_version": "master",
        "rule_sanity": "basic",
        "server": "production",
        "solc_evm_version": "shanghai",
        "solc_optimize": "200",
        "solc_via_ir": true,
        "verify": "CollectorOptimized:./specs/Collector.spec"
    },
    "conf_path": "case-study/Collector.conf",
    "cwd_relative": "case-study",
    "dirty": true,
    "group_id": null,
    "main_spec": "./specs/Collector.spec",
    "origin": "https://github.com/manvillarim/GasOptimization_Catalog.git",
    "python_version": "3.13.9",
    "raw_args": [
        "/home/manoel/certora_builds/certoraRun.py",
        "--prover_version",
        "master",
        "./conf/Collector.conf"
    ],
    "revision": "4789ab66275a066ef303c68e7432ad9393790520",
    "timestamp": "1763068568.765911"
}