{
    "CLI_package_name": "",
    "CLI_version": "",
    "branch": "main",
    "certora_ci_client": null,
    "conf": {
        "files": [
            "src/A.sol",
            "src/Ao.sol"
        ],
        "msg": "Verification of effiecient loop incrementation",
        "optimistic_loop": true,
        "process": "emv",
        "prover_version": "master",
        "rule_sanity": "basic",
        "send_only": true,
        "server": "production",
        "verify": "Ao:../specs/arraylength.spec"
    },
    "conf_path": "certora/cache-array-length/conf/arraylength.conf",
    "cwd_relative": "certora/cache-array-length/conf",
    "dirty": true,
    "group_id": null,
    "main_spec": "../specs/arraylength.spec",
    "origin": "https://github.com/manvillarim/GasOptimization_Catalog.git",
    "python_version": "3.13.3",
    "raw_args": [
        "/home/manoel/certora_builds/certoraRun.py",
        "--prover_version",
        "master",
        "arraylength.conf"
    ],
    "revision": "e3772ccfdc6fbd9c6e985d1d318c8c7816d8b997",
    "timestamp": "1751624281.030355"
}