{
    "CLI_package_name": "",
    "CLI_version": "",
    "branch": "main",
    "certora_ci_client": null,
    "conf": {
        "files": [
            "src/A.sol",
            "src/Ao.sol"
        ],
        "optimistic_loop": true,
        "process": "emv",
        "prover_version": "master",
        "rule_sanity": "basic",
        "send_only": true,
        "server": "production",
        "verify": "Ao:../specs/unchecked.spec"
    },
    "conf_path": "certora/unchecked/conf/unchecked.conf",
    "cwd_relative": "certora/unchecked/conf",
    "dirty": true,
    "group_id": null,
    "main_spec": "../specs/unchecked.spec",
    "origin": "https://github.com/manvillarim/GasOptimization_Catalog.git",
    "python_version": "3.13.7",
    "raw_args": [
        "/home/manoel/certora_builds/certoraRun.py",
        "--prover_version",
        "master",
        "unchecked.conf"
    ],
    "revision": "54ecd580a3db6361b7799e8dd33219ebb1ee632a",
    "timestamp": "1761648395.320785"
}