{
    "CLI_package_name": "",
    "CLI_version": "",
    "branch": "main",
    "certora_ci_client": null,
    "conf": {
        "files": [
            "src/A.sol",
            "src/Ao.sol"
        ],
        "msg": "Verification of effiecient loop incrementation",
        "optimistic_loop": true,
        "process": "emv",
        "prover_version": "master",
        "rule_sanity": "basic",
        "send_only": true,
        "server": "production",
        "verify": "Ao:../specs/calldatamemory.spec"
    },
    "conf_path": "certora/calldata-vs-memory/conf/calldatamemory.conf",
    "cwd_relative": "certora/calldata-vs-memory/conf",
    "dirty": true,
    "group_id": null,
    "main_spec": "../specs/calldatamemory.spec",
    "origin": "https://github.com/manvillarim/GasOptimization_Catalog.git",
    "python_version": "3.13.5",
    "raw_args": [
        "/home/manoel/certora_builds/certoraRun.py",
        "--prover_version",
        "master",
        "calldatamemory.conf"
    ],
    "revision": "03f617be4f2dbbcc685b16ce25957e3775e5d02f",
    "timestamp": "1753823968.106942"
}