{
    "CLI_package_name": "",
    "CLI_version": "",
    "branch": "main",
    "certora_ci_client": null,
    "conf": {
        "files": [
            "src/A.sol",
            "src/Ao.sol"
        ],
        "msg": "Verification of effiecient loop incrementation",
        "optimistic_loop": true,
        "process": "emv",
        "prover_version": "master",
        "rule_sanity": "basic",
        "send_only": true,
        "server": "production",
        "verify": "Ao:../specs/shortcircuiting.spec"
    },
    "conf_path": "certora/short-circuiting/conf/shortcircuiting.conf",
    "cwd_relative": "certora/short-circuiting/conf",
    "dirty": true,
    "group_id": null,
    "main_spec": "../specs/shortcircuiting.spec",
    "origin": "https://github.com/manvillarim/GasOptimization_Catalog.git",
    "python_version": "3.13.9",
    "raw_args": [
        "/home/manoel/certora_builds/certoraRun.py",
        "--prover_version",
        "master",
        "shortcircuiting.conf"
    ],
    "revision": "cc98cb375a92310db89b3dd99dbca8dfe0c45ff4",
    "timestamp": "1762515990.777548"
}