{
    "CLI_package_name": "",
    "CLI_version": "",
    "branch": "main",
    "certora_ci_client": null,
    "conf": {
        "files": [
            "src/A.sol",
            "src/Ao.sol"
        ],
        "msg": "Verification of effiecient loop incrementation",
        "optimistic_loop": true,
        "process": "emv",
        "prover_version": "master",
        "rule_sanity": "basic",
        "send_only": true,
        "server": "production",
        "verify": "Ao:../specs/structpacking.spec"
    },
    "conf_path": "certora/struct-packing/conf/structpacking.conf",
    "cwd_relative": "certora/struct-packing/conf",
    "dirty": true,
    "group_id": null,
    "main_spec": "../specs/structpacking.spec",
    "origin": "https://github.com/manvillarim/GasOptimization_Catalog.git",
    "python_version": "3.13.5",
    "raw_args": [
        "/home/manoel/certora_builds/certoraRun.py",
        "--prover_version",
        "master",
        "structpacking.conf"
    ],
    "revision": "ebff5d59f55ee81b6bfe9a66ccc01c6492004ea1",
    "timestamp": "1755513573.871522"
}