profile,trial,kind,name,metric,value
default,1,test,test_NamedReturn_three_Ao_get,gas,10058
default,1,test,test_NamedReturn_one_A_get,gas,7834
default,1,test,test_NamedReturn_one_Ao_get,gas,7865
default,1,test,test_NamedReturn_three_A_get,gas,10060
default,1,test,test_NamedReturn_struct_A_get,gas,14140
default,1,test,test_CustomErrors_k20_A_set,gas,49349
default,1,test,test_CustomErrors_k20_Ao_set,gas,49286
default,1,test,test_PayableCtor_min_A_deploy,gas,151484
default,1,test,test_PayableCtor_min_A_touch,gas,31597
default,1,test,test_PayableCtor_min_Ao_deploy,gas,151246
default,1,test,test_PayableCtor_min_Ao_touch,gas,31546
default,1,test,test_NamedReturn_struct_Ao_get,gas,13858
default,1,test,test_CustomErrors_k5_A_set,gas,48740
default,1,test,test_CustomErrors_k5_Ao_set,gas,48741
default,1,test,test_Unchecked_arith100_A_loop,gas,41201
default,1,test,test_Unchecked_arith100_Ao_loop,gas,34946
default,1,test,test_CustomErrors_k1_A_set,gas,48727
default,1,test,test_CustomErrors_k1_Ao_set,gas,48709
default,1,test,test_PayableCtor_runtime_A_bump,gas,48645
default,1,test,test_PayableCtor_runtime_Ao_bump,gas,48615
default,1,test,test_Unchecked_sload100_A_loop,gas,276509
default,1,test,test_Unchecked_sload100_Ao_loop,gas,269960
default,1,test,test_Unchecked_arith1000_A_loop,gas,151944
default,1,test,test_Unchecked_arith1000_Ao_loop,gas,88904
default,1,test,test_PayableCtor_simple_A_deploy,gas,302571
default,1,test,test_PayableCtor_simple_Ao_deploy,gas,302336
default,1,test,test_Unchecked_sload1000_A_loop,gas,2341153
default,1,test,test_Unchecked_sload1000_Ao_loop,gas,2276060
default,1,test,test_Unchecked_arith5000_A_loop,gas,643934
default,1,test,test_Unchecked_arith5000_Ao_loop,gas,328959
default,1,test,test_PayableCtor_heavy_A_deploy,gas,1739729
default,1,test,test_PayableCtor_heavy_A_touch,gas,48668
default,1,test,test_PayableCtor_heavy_Ao_deploy,gas,1739470
default,1,test,test_PayableCtor_heavy_Ao_touch,gas,48595
default,1,test,test_Unchecked_sload5000_A_loop,gas,11517087
default,1,test,test_Unchecked_sload5000_Ao_loop,gas,11192037
default,1,contract,CE_A_1,deploy_cost,98423
default,1,contract,CE_A_1,deploy_size,236
default,1,contract,CE_A_20,deploy_cost,431876
default,1,contract,CE_A_20,deploy_size,1786
default,1,contract,CE_A_5,deploy_cost,190859
default,1,contract,CE_A_5,deploy_size,666
default,1,contract,CE_Ao_1,deploy_cost,88909
default,1,contract,CE_Ao_1,deploy_size,192
default,1,contract,CE_Ao_20,deploy_cost,229548
default,1,contract,CE_Ao_20,deploy_size,844
default,1,contract,CE_Ao_5,deploy_cost,145499
default,1,contract,CE_Ao_5,deploy_size,456
default,1,contract,NR_A_One,deploy_cost,117879
default,1,contract,NR_A_One,deploy_size,328
default,1,contract,NR_A_Struct,deploy_cost,201639
default,1,contract,NR_A_Struct,deploy_size,715
default,1,contract,NR_A_Three,deploy_cost,120999
default,1,contract,NR_A_Three,deploy_size,342
default,1,contract,NR_Ao_One,deploy_cost,118143
default,1,contract,NR_Ao_One,deploy_size,329
default,1,contract,NR_Ao_Struct,deploy_cost,192991
default,1,contract,NR_Ao_Struct,deploy_size,675
default,1,contract,PC_A_Heavy,deploy_cost,1706821
default,1,contract,PC_A_Heavy,deploy_size,1643
default,1,contract,PC_A_Min,deploy_cost,119080
default,1,contract,PC_A_Min,deploy_size,233
default,1,contract,PC_A_Simple,deploy_cost,269800
default,1,contract,PC_A_Simple,deploy_size,1479
default,1,contract,PC_Ao_Heavy,deploy_cost,1706603
default,1,contract,PC_Ao_Heavy,deploy_size,1631
default,1,contract,PC_Ao_Min,deploy_cost,118874
default,1,contract,PC_Ao_Min,deploy_size,221
default,1,contract,PC_Ao_Simple,deploy_cost,269594
default,1,contract,PC_Ao_Simple,deploy_size,1467
default,1,contract,UA_A_Arith100,deploy_cost,118971
default,1,contract,UA_A_Arith100,deploy_size,333
default,1,contract,UA_A_Arith1000,deploy_cost,119403
default,1,contract,UA_A_Arith1000,deploy_size,335
default,1,contract,UA_A_Arith5000,deploy_cost,119403
default,1,contract,UA_A_Arith5000,deploy_size,335
default,1,contract,UA_A_Sload100,deploy_cost,123299
default,1,contract,UA_A_Sload100,deploy_size,353
default,1,contract,UA_A_Sload1000,deploy_cost,123731
default,1,contract,UA_A_Sload1000,deploy_size,355
default,1,contract,UA_A_Sload5000,deploy_cost,123731
default,1,contract,UA_A_Sload5000,deploy_size,355
default,1,contract,UA_Ao_Arith100,deploy_cost,106807
default,1,contract,UA_Ao_Arith100,deploy_size,275
default,1,contract,UA_Ao_Arith1000,deploy_cost,107239
default,1,contract,UA_Ao_Arith1000,deploy_size,277
default,1,contract,UA_Ao_Arith5000,deploy_cost,107239
default,1,contract,UA_Ao_Arith5000,deploy_size,277
default,1,contract,UA_Ao_Sload100,deploy_cost,113791
default,1,contract,UA_Ao_Sload100,deploy_size,309
default,1,contract,UA_Ao_Sload1000,deploy_cost,114223
default,1,contract,UA_Ao_Sload1000,deploy_size,311
default,1,contract,UA_Ao_Sload5000,deploy_cost,114223
default,1,contract,UA_Ao_Sload5000,deploy_size,311
default,2,test,test_NamedReturn_struct_A_get,gas,14140
default,2,test,test_NamedReturn_three_A_get,gas,10060
default,2,test,test_NamedReturn_one_A_get,gas,7834
default,2,test,test_NamedReturn_three_Ao_get,gas,10058
default,2,test,test_NamedReturn_struct_Ao_get,gas,13858
default,2,test,test_CustomErrors_k20_A_set,gas,49349
default,2,test,test_CustomErrors_k20_Ao_set,gas,49286
default,2,test,test_PayableCtor_simple_A_deploy,gas,302571
default,2,test,test_PayableCtor_simple_Ao_deploy,gas,302336
default,2,test,test_PayableCtor_min_A_deploy,gas,151484
default,2,test,test_PayableCtor_min_A_touch,gas,31597
default,2,test,test_PayableCtor_min_Ao_deploy,gas,151246
default,2,test,test_PayableCtor_min_Ao_touch,gas,31546
default,2,test,test_Unchecked_arith100_A_loop,gas,41201
default,2,test,test_Unchecked_arith100_Ao_loop,gas,34946
default,2,test,test_CustomErrors_k5_A_set,gas,48740
default,2,test,test_CustomErrors_k5_Ao_set,gas,48741
default,2,test,test_PayableCtor_runtime_A_bump,gas,48645
default,2,test,test_PayableCtor_runtime_Ao_bump,gas,48615
default,2,test,test_Unchecked_sload100_A_loop,gas,276509
default,2,test,test_Unchecked_sload100_Ao_loop,gas,269960
default,2,test,test_Unchecked_arith1000_A_loop,gas,151944
default,2,test,test_Unchecked_arith1000_Ao_loop,gas,88904
default,2,test,test_NamedReturn_one_Ao_get,gas,7865
default,2,test,test_CustomErrors_k1_A_set,gas,48727
default,2,test,test_CustomErrors_k1_Ao_set,gas,48709
default,2,test,test_PayableCtor_heavy_A_deploy,gas,1739729
default,2,test,test_PayableCtor_heavy_A_touch,gas,48668
default,2,test,test_PayableCtor_heavy_Ao_deploy,gas,1739470
default,2,test,test_PayableCtor_heavy_Ao_touch,gas,48595
default,2,test,test_Unchecked_arith5000_A_loop,gas,643934
default,2,test,test_Unchecked_arith5000_Ao_loop,gas,328959
default,2,test,test_Unchecked_sload1000_A_loop,gas,2341153
default,2,test,test_Unchecked_sload1000_Ao_loop,gas,2276060
default,2,test,test_Unchecked_sload5000_A_loop,gas,11517087
default,2,test,test_Unchecked_sload5000_Ao_loop,gas,11192037
default,2,contract,CE_A_1,deploy_cost,98423
default,2,contract,CE_A_1,deploy_size,236
default,2,contract,CE_A_20,deploy_cost,431876
default,2,contract,CE_A_20,deploy_size,1786
default,2,contract,CE_A_5,deploy_cost,190859
default,2,contract,CE_A_5,deploy_size,666
default,2,contract,CE_Ao_1,deploy_cost,88909
default,2,contract,CE_Ao_1,deploy_size,192
default,2,contract,CE_Ao_20,deploy_cost,229548
default,2,contract,CE_Ao_20,deploy_size,844
default,2,contract,CE_Ao_5,deploy_cost,145499
default,2,contract,CE_Ao_5,deploy_size,456
default,2,contract,NR_A_One,deploy_cost,117879
default,2,contract,NR_A_One,deploy_size,328
default,2,contract,NR_A_Struct,deploy_cost,201639
default,2,contract,NR_A_Struct,deploy_size,715
default,2,contract,NR_A_Three,deploy_cost,120999
default,2,contract,NR_A_Three,deploy_size,342
default,2,contract,NR_Ao_One,deploy_cost,118143
default,2,contract,NR_Ao_One,deploy_size,329
default,2,contract,NR_Ao_Struct,deploy_cost,192991
default,2,contract,NR_Ao_Struct,deploy_size,675
default,2,contract,PC_A_Heavy,deploy_cost,1706821
default,2,contract,PC_A_Heavy,deploy_size,1643
default,2,contract,PC_A_Min,deploy_cost,119080
default,2,contract,PC_A_Min,deploy_size,233
default,2,contract,PC_A_Simple,deploy_cost,269800
default,2,contract,PC_A_Simple,deploy_size,1479
default,2,contract,PC_Ao_Heavy,deploy_cost,1706603
default,2,contract,PC_Ao_Heavy,deploy_size,1631
default,2,contract,PC_Ao_Min,deploy_cost,118874
default,2,contract,PC_Ao_Min,deploy_size,221
default,2,contract,PC_Ao_Simple,deploy_cost,269594
default,2,contract,PC_Ao_Simple,deploy_size,1467
default,2,contract,UA_A_Arith100,deploy_cost,118971
default,2,contract,UA_A_Arith100,deploy_size,333
default,2,contract,UA_A_Arith1000,deploy_cost,119403
default,2,contract,UA_A_Arith1000,deploy_size,335
default,2,contract,UA_A_Arith5000,deploy_cost,119403
default,2,contract,UA_A_Arith5000,deploy_size,335
default,2,contract,UA_A_Sload100,deploy_cost,123299
default,2,contract,UA_A_Sload100,deploy_size,353
default,2,contract,UA_A_Sload1000,deploy_cost,123731
default,2,contract,UA_A_Sload1000,deploy_size,355
default,2,contract,UA_A_Sload5000,deploy_cost,123731
default,2,contract,UA_A_Sload5000,deploy_size,355
default,2,contract,UA_Ao_Arith100,deploy_cost,106807
default,2,contract,UA_Ao_Arith100,deploy_size,275
default,2,contract,UA_Ao_Arith1000,deploy_cost,107239
default,2,contract,UA_Ao_Arith1000,deploy_size,277
default,2,contract,UA_Ao_Arith5000,deploy_cost,107239
default,2,contract,UA_Ao_Arith5000,deploy_size,277
default,2,contract,UA_Ao_Sload100,deploy_cost,113791
default,2,contract,UA_Ao_Sload100,deploy_size,309
default,2,contract,UA_Ao_Sload1000,deploy_cost,114223
default,2,contract,UA_Ao_Sload1000,deploy_size,311
default,2,contract,UA_Ao_Sload5000,deploy_cost,114223
default,2,contract,UA_Ao_Sload5000,deploy_size,311
default,3,test,test_NamedReturn_one_A_get,gas,7834
default,3,test,test_NamedReturn_three_A_get,gas,10060
default,3,test,test_NamedReturn_struct_Ao_get,gas,13858
default,3,test,test_NamedReturn_three_Ao_get,gas,10058
default,3,test,test_CustomErrors_k1_A_set,gas,48727
default,3,test,test_CustomErrors_k1_Ao_set,gas,48709
default,3,test,test_NamedReturn_struct_A_get,gas,14140
default,3,test,test_CustomErrors_k20_A_set,gas,49349
default,3,test,test_CustomErrors_k20_Ao_set,gas,49286
default,3,test,test_PayableCtor_simple_A_deploy,gas,302571
default,3,test,test_PayableCtor_simple_Ao_deploy,gas,302336
default,3,test,test_Unchecked_arith100_A_loop,gas,41201
default,3,test,test_Unchecked_arith100_Ao_loop,gas,34946
default,3,test,test_Unchecked_arith1000_A_loop,gas,151944
default,3,test,test_Unchecked_arith1000_Ao_loop,gas,88904
default,3,test,test_PayableCtor_heavy_A_deploy,gas,1739729
default,3,test,test_PayableCtor_heavy_A_touch,gas,48668
default,3,test,test_PayableCtor_heavy_Ao_deploy,gas,1739470
default,3,test,test_PayableCtor_heavy_Ao_touch,gas,48595
default,3,test,test_Unchecked_sload100_A_loop,gas,276509
default,3,test,test_Unchecked_sload100_Ao_loop,gas,269960
default,3,test,test_NamedReturn_one_Ao_get,gas,7865
default,3,test,test_PayableCtor_min_A_deploy,gas,151484
default,3,test,test_PayableCtor_min_A_touch,gas,31597
default,3,test,test_PayableCtor_min_Ao_deploy,gas,151246
default,3,test,test_PayableCtor_min_Ao_touch,gas,31546
default,3,test,test_Unchecked_sload1000_A_loop,gas,2341153
default,3,test,test_Unchecked_sload1000_Ao_loop,gas,2276060
default,3,test,test_Unchecked_arith5000_A_loop,gas,643934
default,3,test,test_Unchecked_arith5000_Ao_loop,gas,328959
default,3,test,test_PayableCtor_runtime_A_bump,gas,48645
default,3,test,test_PayableCtor_runtime_Ao_bump,gas,48615
default,3,test,test_Unchecked_sload5000_A_loop,gas,11517087
default,3,test,test_Unchecked_sload5000_Ao_loop,gas,11192037
default,3,test,test_CustomErrors_k5_A_set,gas,48740
default,3,test,test_CustomErrors_k5_Ao_set,gas,48741
default,3,contract,CE_A_1,deploy_cost,98423
default,3,contract,CE_A_1,deploy_size,236
default,3,contract,CE_A_20,deploy_cost,431876
default,3,contract,CE_A_20,deploy_size,1786
default,3,contract,CE_A_5,deploy_cost,190859
default,3,contract,CE_A_5,deploy_size,666
default,3,contract,CE_Ao_1,deploy_cost,88909
default,3,contract,CE_Ao_1,deploy_size,192
default,3,contract,CE_Ao_20,deploy_cost,229548
default,3,contract,CE_Ao_20,deploy_size,844
default,3,contract,CE_Ao_5,deploy_cost,145499
default,3,contract,CE_Ao_5,deploy_size,456
default,3,contract,NR_A_One,deploy_cost,117879
default,3,contract,NR_A_One,deploy_size,328
default,3,contract,NR_A_Struct,deploy_cost,201639
default,3,contract,NR_A_Struct,deploy_size,715
default,3,contract,NR_A_Three,deploy_cost,120999
default,3,contract,NR_A_Three,deploy_size,342
default,3,contract,NR_Ao_One,deploy_cost,118143
default,3,contract,NR_Ao_One,deploy_size,329
default,3,contract,NR_Ao_Struct,deploy_cost,192991
default,3,contract,NR_Ao_Struct,deploy_size,675
default,3,contract,PC_A_Heavy,deploy_cost,1706821
default,3,contract,PC_A_Heavy,deploy_size,1643
default,3,contract,PC_A_Min,deploy_cost,119080
default,3,contract,PC_A_Min,deploy_size,233
default,3,contract,PC_A_Simple,deploy_cost,269800
default,3,contract,PC_A_Simple,deploy_size,1479
default,3,contract,PC_Ao_Heavy,deploy_cost,1706603
default,3,contract,PC_Ao_Heavy,deploy_size,1631
default,3,contract,PC_Ao_Min,deploy_cost,118874
default,3,contract,PC_Ao_Min,deploy_size,221
default,3,contract,PC_Ao_Simple,deploy_cost,269594
default,3,contract,PC_Ao_Simple,deploy_size,1467
default,3,contract,UA_A_Arith100,deploy_cost,118971
default,3,contract,UA_A_Arith100,deploy_size,333
default,3,contract,UA_A_Arith1000,deploy_cost,119403
default,3,contract,UA_A_Arith1000,deploy_size,335
default,3,contract,UA_A_Arith5000,deploy_cost,119403
default,3,contract,UA_A_Arith5000,deploy_size,335
default,3,contract,UA_A_Sload100,deploy_cost,123299
default,3,contract,UA_A_Sload100,deploy_size,353
default,3,contract,UA_A_Sload1000,deploy_cost,123731
default,3,contract,UA_A_Sload1000,deploy_size,355
default,3,contract,UA_A_Sload5000,deploy_cost,123731
default,3,contract,UA_A_Sload5000,deploy_size,355
default,3,contract,UA_Ao_Arith100,deploy_cost,106807
default,3,contract,UA_Ao_Arith100,deploy_size,275
default,3,contract,UA_Ao_Arith1000,deploy_cost,107239
default,3,contract,UA_Ao_Arith1000,deploy_size,277
default,3,contract,UA_Ao_Arith5000,deploy_cost,107239
default,3,contract,UA_Ao_Arith5000,deploy_size,277
default,3,contract,UA_Ao_Sload100,deploy_cost,113791
default,3,contract,UA_Ao_Sload100,deploy_size,309
default,3,contract,UA_Ao_Sload1000,deploy_cost,114223
default,3,contract,UA_Ao_Sload1000,deploy_size,311
default,3,contract,UA_Ao_Sload5000,deploy_cost,114223
default,3,contract,UA_Ao_Sload5000,deploy_size,311
default,4,test,test_NamedReturn_three_Ao_get,gas,10058
default,4,test,test_NamedReturn_one_A_get,gas,7834
default,4,test,test_NamedReturn_struct_Ao_get,gas,13858
default,4,test,test_NamedReturn_struct_A_get,gas,14140
default,4,test,test_CustomErrors_k5_A_set,gas,48740
default,4,test,test_CustomErrors_k5_Ao_set,gas,48741
default,4,test,test_NamedReturn_one_Ao_get,gas,7865
default,4,test,test_CustomErrors_k20_A_set,gas,49349
default,4,test,test_CustomErrors_k20_Ao_set,gas,49286
default,4,test,test_PayableCtor_runtime_A_bump,gas,48645
default,4,test,test_PayableCtor_runtime_Ao_bump,gas,48615
default,4,test,test_PayableCtor_min_A_deploy,gas,151484
default,4,test,test_PayableCtor_min_A_touch,gas,31597
default,4,test,test_PayableCtor_min_Ao_deploy,gas,151246
default,4,test,test_PayableCtor_min_Ao_touch,gas,31546
default,4,test,test_PayableCtor_simple_A_deploy,gas,302571
default,4,test,test_PayableCtor_simple_Ao_deploy,gas,302336
default,4,test,test_Unchecked_arith100_A_loop,gas,41201
default,4,test,test_Unchecked_arith100_Ao_loop,gas,34946
default,4,test,test_CustomErrors_k1_A_set,gas,48727
default,4,test,test_CustomErrors_k1_Ao_set,gas,48709
default,4,test,test_PayableCtor_heavy_A_deploy,gas,1739729
default,4,test,test_PayableCtor_heavy_A_touch,gas,48668
default,4,test,test_PayableCtor_heavy_Ao_deploy,gas,1739470
default,4,test,test_PayableCtor_heavy_Ao_touch,gas,48595
default,4,test,test_Unchecked_sload100_A_loop,gas,276509
default,4,test,test_Unchecked_sload100_Ao_loop,gas,269960
default,4,test,test_NamedReturn_three_A_get,gas,10060
default,4,test,test_Unchecked_arith1000_A_loop,gas,151944
default,4,test,test_Unchecked_arith1000_Ao_loop,gas,88904
default,4,test,test_Unchecked_sload1000_A_loop,gas,2341153
default,4,test,test_Unchecked_sload1000_Ao_loop,gas,2276060
default,4,test,test_Unchecked_arith5000_A_loop,gas,643934
default,4,test,test_Unchecked_arith5000_Ao_loop,gas,328959
default,4,test,test_Unchecked_sload5000_A_loop,gas,11517087
default,4,test,test_Unchecked_sload5000_Ao_loop,gas,11192037
default,4,contract,CE_A_1,deploy_cost,98423
default,4,contract,CE_A_1,deploy_size,236
default,4,contract,CE_A_20,deploy_cost,431876
default,4,contract,CE_A_20,deploy_size,1786
default,4,contract,CE_A_5,deploy_cost,190859
default,4,contract,CE_A_5,deploy_size,666
default,4,contract,CE_Ao_1,deploy_cost,88909
default,4,contract,CE_Ao_1,deploy_size,192
default,4,contract,CE_Ao_20,deploy_cost,229548
default,4,contract,CE_Ao_20,deploy_size,844
default,4,contract,CE_Ao_5,deploy_cost,145499
default,4,contract,CE_Ao_5,deploy_size,456
default,4,contract,NR_A_One,deploy_cost,117879
default,4,contract,NR_A_One,deploy_size,328
default,4,contract,NR_A_Struct,deploy_cost,201639
default,4,contract,NR_A_Struct,deploy_size,715
default,4,contract,NR_A_Three,deploy_cost,120999
default,4,contract,NR_A_Three,deploy_size,342
default,4,contract,NR_Ao_One,deploy_cost,118143
default,4,contract,NR_Ao_One,deploy_size,329
default,4,contract,NR_Ao_Struct,deploy_cost,192991
default,4,contract,NR_Ao_Struct,deploy_size,675
default,4,contract,PC_A_Heavy,deploy_cost,1706821
default,4,contract,PC_A_Heavy,deploy_size,1643
default,4,contract,PC_A_Min,deploy_cost,119080
default,4,contract,PC_A_Min,deploy_size,233
default,4,contract,PC_A_Simple,deploy_cost,269800
default,4,contract,PC_A_Simple,deploy_size,1479
default,4,contract,PC_Ao_Heavy,deploy_cost,1706603
default,4,contract,PC_Ao_Heavy,deploy_size,1631
default,4,contract,PC_Ao_Min,deploy_cost,118874
default,4,contract,PC_Ao_Min,deploy_size,221
default,4,contract,PC_Ao_Simple,deploy_cost,269594
default,4,contract,PC_Ao_Simple,deploy_size,1467
default,4,contract,UA_A_Arith100,deploy_cost,118971
default,4,contract,UA_A_Arith100,deploy_size,333
default,4,contract,UA_A_Arith1000,deploy_cost,119403
default,4,contract,UA_A_Arith1000,deploy_size,335
default,4,contract,UA_A_Arith5000,deploy_cost,119403
default,4,contract,UA_A_Arith5000,deploy_size,335
default,4,contract,UA_A_Sload100,deploy_cost,123299
default,4,contract,UA_A_Sload100,deploy_size,353
default,4,contract,UA_A_Sload1000,deploy_cost,123731
default,4,contract,UA_A_Sload1000,deploy_size,355
default,4,contract,UA_A_Sload5000,deploy_cost,123731
default,4,contract,UA_A_Sload5000,deploy_size,355
default,4,contract,UA_Ao_Arith100,deploy_cost,106807
default,4,contract,UA_Ao_Arith100,deploy_size,275
default,4,contract,UA_Ao_Arith1000,deploy_cost,107239
default,4,contract,UA_Ao_Arith1000,deploy_size,277
default,4,contract,UA_Ao_Arith5000,deploy_cost,107239
default,4,contract,UA_Ao_Arith5000,deploy_size,277
default,4,contract,UA_Ao_Sload100,deploy_cost,113791
default,4,contract,UA_Ao_Sload100,deploy_size,309
default,4,contract,UA_Ao_Sload1000,deploy_cost,114223
default,4,contract,UA_Ao_Sload1000,deploy_size,311
default,4,contract,UA_Ao_Sload5000,deploy_cost,114223
default,4,contract,UA_Ao_Sload5000,deploy_size,311
default,5,test,test_NamedReturn_three_Ao_get,gas,10058
default,5,test,test_NamedReturn_one_A_get,gas,7834
default,5,test,test_NamedReturn_one_Ao_get,gas,7865
default,5,test,test_NamedReturn_three_A_get,gas,10060
default,5,test,test_NamedReturn_struct_A_get,gas,14140
default,5,test,test_CustomErrors_k1_A_set,gas,48727
default,5,test,test_CustomErrors_k1_Ao_set,gas,48709
default,5,test,test_PayableCtor_runtime_A_bump,gas,48645
default,5,test,test_PayableCtor_runtime_Ao_bump,gas,48615
default,5,test,test_CustomErrors_k20_A_set,gas,49349
default,5,test,test_CustomErrors_k20_Ao_set,gas,49286
default,5,test,test_PayableCtor_simple_A_deploy,gas,302571
default,5,test,test_PayableCtor_simple_Ao_deploy,gas,302336
default,5,test,test_PayableCtor_min_A_deploy,gas,151484
default,5,test,test_PayableCtor_min_A_touch,gas,31597
default,5,test,test_PayableCtor_min_Ao_deploy,gas,151246
default,5,test,test_PayableCtor_min_Ao_touch,gas,31546
default,5,test,test_CustomErrors_k5_A_set,gas,48740
default,5,test,test_CustomErrors_k5_Ao_set,gas,48741
default,5,test,test_Unchecked_arith100_A_loop,gas,41201
default,5,test,test_Unchecked_arith100_Ao_loop,gas,34946
default,5,test,test_Unchecked_sload100_A_loop,gas,276509
default,5,test,test_Unchecked_sload100_Ao_loop,gas,269960
default,5,test,test_Unchecked_arith1000_A_loop,gas,151944
default,5,test,test_Unchecked_arith1000_Ao_loop,gas,88904
default,5,test,test_NamedReturn_struct_Ao_get,gas,13858
default,5,test,test_Unchecked_arith5000_A_loop,gas,643934
default,5,test,test_Unchecked_arith5000_Ao_loop,gas,328959
default,5,test,test_Unchecked_sload1000_A_loop,gas,2341153
default,5,test,test_Unchecked_sload1000_Ao_loop,gas,2276060
default,5,test,test_PayableCtor_heavy_A_deploy,gas,1739729
default,5,test,test_PayableCtor_heavy_A_touch,gas,48668
default,5,test,test_PayableCtor_heavy_Ao_deploy,gas,1739470
default,5,test,test_PayableCtor_heavy_Ao_touch,gas,48595
default,5,test,test_Unchecked_sload5000_A_loop,gas,11517087
default,5,test,test_Unchecked_sload5000_Ao_loop,gas,11192037
default,5,contract,CE_A_1,deploy_cost,98423
default,5,contract,CE_A_1,deploy_size,236
default,5,contract,CE_A_20,deploy_cost,431876
default,5,contract,CE_A_20,deploy_size,1786
default,5,contract,CE_A_5,deploy_cost,190859
default,5,contract,CE_A_5,deploy_size,666
default,5,contract,CE_Ao_1,deploy_cost,88909
default,5,contract,CE_Ao_1,deploy_size,192
default,5,contract,CE_Ao_20,deploy_cost,229548
default,5,contract,CE_Ao_20,deploy_size,844
default,5,contract,CE_Ao_5,deploy_cost,145499
default,5,contract,CE_Ao_5,deploy_size,456
default,5,contract,NR_A_One,deploy_cost,117879
default,5,contract,NR_A_One,deploy_size,328
default,5,contract,NR_A_Struct,deploy_cost,201639
default,5,contract,NR_A_Struct,deploy_size,715
default,5,contract,NR_A_Three,deploy_cost,120999
default,5,contract,NR_A_Three,deploy_size,342
default,5,contract,NR_Ao_One,deploy_cost,118143
default,5,contract,NR_Ao_One,deploy_size,329
default,5,contract,NR_Ao_Struct,deploy_cost,192991
default,5,contract,NR_Ao_Struct,deploy_size,675
default,5,contract,PC_A_Heavy,deploy_cost,1706821
default,5,contract,PC_A_Heavy,deploy_size,1643
default,5,contract,PC_A_Min,deploy_cost,119080
default,5,contract,PC_A_Min,deploy_size,233
default,5,contract,PC_A_Simple,deploy_cost,269800
default,5,contract,PC_A_Simple,deploy_size,1479
default,5,contract,PC_Ao_Heavy,deploy_cost,1706603
default,5,contract,PC_Ao_Heavy,deploy_size,1631
default,5,contract,PC_Ao_Min,deploy_cost,118874
default,5,contract,PC_Ao_Min,deploy_size,221
default,5,contract,PC_Ao_Simple,deploy_cost,269594
default,5,contract,PC_Ao_Simple,deploy_size,1467
default,5,contract,UA_A_Arith100,deploy_cost,118971
default,5,contract,UA_A_Arith100,deploy_size,333
default,5,contract,UA_A_Arith1000,deploy_cost,119403
default,5,contract,UA_A_Arith1000,deploy_size,335
default,5,contract,UA_A_Arith5000,deploy_cost,119403
default,5,contract,UA_A_Arith5000,deploy_size,335
default,5,contract,UA_A_Sload100,deploy_cost,123299
default,5,contract,UA_A_Sload100,deploy_size,353
default,5,contract,UA_A_Sload1000,deploy_cost,123731
default,5,contract,UA_A_Sload1000,deploy_size,355
default,5,contract,UA_A_Sload5000,deploy_cost,123731
default,5,contract,UA_A_Sload5000,deploy_size,355
default,5,contract,UA_Ao_Arith100,deploy_cost,106807
default,5,contract,UA_Ao_Arith100,deploy_size,275
default,5,contract,UA_Ao_Arith1000,deploy_cost,107239
default,5,contract,UA_Ao_Arith1000,deploy_size,277
default,5,contract,UA_Ao_Arith5000,deploy_cost,107239
default,5,contract,UA_Ao_Arith5000,deploy_size,277
default,5,contract,UA_Ao_Sload100,deploy_cost,113791
default,5,contract,UA_Ao_Sload100,deploy_size,309
default,5,contract,UA_Ao_Sload1000,deploy_cost,114223
default,5,contract,UA_Ao_Sload1000,deploy_size,311
default,5,contract,UA_Ao_Sload5000,deploy_cost,114223
default,5,contract,UA_Ao_Sload5000,deploy_size,311
default,6,test,test_NamedReturn_three_A_get,gas,10060
default,6,test,test_NamedReturn_three_Ao_get,gas,10058
default,6,test,test_NamedReturn_one_A_get,gas,7834
default,6,test,test_NamedReturn_struct_Ao_get,gas,13858
default,6,test,test_NamedReturn_struct_A_get,gas,14140
default,6,test,test_Unchecked_arith100_A_loop,gas,41201
default,6,test,test_Unchecked_arith100_Ao_loop,gas,34946
default,6,test,test_CustomErrors_k5_A_set,gas,48740
default,6,test,test_CustomErrors_k5_Ao_set,gas,48741
default,6,test,test_CustomErrors_k20_A_set,gas,49349
default,6,test,test_CustomErrors_k20_Ao_set,gas,49286
default,6,test,test_Unchecked_sload100_A_loop,gas,276509
default,6,test,test_Unchecked_sload100_Ao_loop,gas,269960
default,6,test,test_PayableCtor_heavy_A_deploy,gas,1739729
default,6,test,test_PayableCtor_heavy_A_touch,gas,48668
default,6,test,test_PayableCtor_heavy_Ao_deploy,gas,1739470
default,6,test,test_PayableCtor_heavy_Ao_touch,gas,48595
default,6,test,test_NamedReturn_one_Ao_get,gas,7865
default,6,test,test_Unchecked_arith1000_A_loop,gas,151944
default,6,test,test_Unchecked_arith1000_Ao_loop,gas,88904
default,6,test,test_Unchecked_arith5000_A_loop,gas,643934
default,6,test,test_Unchecked_arith5000_Ao_loop,gas,328959
default,6,test,test_CustomErrors_k1_A_set,gas,48727
default,6,test,test_CustomErrors_k1_Ao_set,gas,48709
default,6,test,test_Unchecked_sload1000_A_loop,gas,2341153
default,6,test,test_Unchecked_sload1000_Ao_loop,gas,2276060
default,6,test,test_PayableCtor_min_A_deploy,gas,151484
default,6,test,test_PayableCtor_min_A_touch,gas,31597
default,6,test,test_PayableCtor_min_Ao_deploy,gas,151246
default,6,test,test_PayableCtor_min_Ao_touch,gas,31546
default,6,test,test_Unchecked_sload5000_A_loop,gas,11517087
default,6,test,test_Unchecked_sload5000_Ao_loop,gas,11192037
default,6,test,test_PayableCtor_runtime_A_bump,gas,48645
default,6,test,test_PayableCtor_runtime_Ao_bump,gas,48615
default,6,test,test_PayableCtor_simple_A_deploy,gas,302571
default,6,test,test_PayableCtor_simple_Ao_deploy,gas,302336
default,6,contract,CE_A_1,deploy_cost,98423
default,6,contract,CE_A_1,deploy_size,236
default,6,contract,CE_A_20,deploy_cost,431876
default,6,contract,CE_A_20,deploy_size,1786
default,6,contract,CE_A_5,deploy_cost,190859
default,6,contract,CE_A_5,deploy_size,666
default,6,contract,CE_Ao_1,deploy_cost,88909
default,6,contract,CE_Ao_1,deploy_size,192
default,6,contract,CE_Ao_20,deploy_cost,229548
default,6,contract,CE_Ao_20,deploy_size,844
default,6,contract,CE_Ao_5,deploy_cost,145499
default,6,contract,CE_Ao_5,deploy_size,456
default,6,contract,NR_A_One,deploy_cost,117879
default,6,contract,NR_A_One,deploy_size,328
default,6,contract,NR_A_Struct,deploy_cost,201639
default,6,contract,NR_A_Struct,deploy_size,715
default,6,contract,NR_A_Three,deploy_cost,120999
default,6,contract,NR_A_Three,deploy_size,342
default,6,contract,NR_Ao_One,deploy_cost,118143
default,6,contract,NR_Ao_One,deploy_size,329
default,6,contract,NR_Ao_Struct,deploy_cost,192991
default,6,contract,NR_Ao_Struct,deploy_size,675
default,6,contract,PC_A_Heavy,deploy_cost,1706821
default,6,contract,PC_A_Heavy,deploy_size,1643
default,6,contract,PC_A_Min,deploy_cost,119080
default,6,contract,PC_A_Min,deploy_size,233
default,6,contract,PC_A_Simple,deploy_cost,269800
default,6,contract,PC_A_Simple,deploy_size,1479
default,6,contract,PC_Ao_Heavy,deploy_cost,1706603
default,6,contract,PC_Ao_Heavy,deploy_size,1631
default,6,contract,PC_Ao_Min,deploy_cost,118874
default,6,contract,PC_Ao_Min,deploy_size,221
default,6,contract,PC_Ao_Simple,deploy_cost,269594
default,6,contract,PC_Ao_Simple,deploy_size,1467
default,6,contract,UA_A_Arith100,deploy_cost,118971
default,6,contract,UA_A_Arith100,deploy_size,333
default,6,contract,UA_A_Arith1000,deploy_cost,119403
default,6,contract,UA_A_Arith1000,deploy_size,335
default,6,contract,UA_A_Arith5000,deploy_cost,119403
default,6,contract,UA_A_Arith5000,deploy_size,335
default,6,contract,UA_A_Sload100,deploy_cost,123299
default,6,contract,UA_A_Sload100,deploy_size,353
default,6,contract,UA_A_Sload1000,deploy_cost,123731
default,6,contract,UA_A_Sload1000,deploy_size,355
default,6,contract,UA_A_Sload5000,deploy_cost,123731
default,6,contract,UA_A_Sload5000,deploy_size,355
default,6,contract,UA_Ao_Arith100,deploy_cost,106807
default,6,contract,UA_Ao_Arith100,deploy_size,275
default,6,contract,UA_Ao_Arith1000,deploy_cost,107239
default,6,contract,UA_Ao_Arith1000,deploy_size,277
default,6,contract,UA_Ao_Arith5000,deploy_cost,107239
default,6,contract,UA_Ao_Arith5000,deploy_size,277
default,6,contract,UA_Ao_Sload100,deploy_cost,113791
default,6,contract,UA_Ao_Sload100,deploy_size,309
default,6,contract,UA_Ao_Sload1000,deploy_cost,114223
default,6,contract,UA_Ao_Sload1000,deploy_size,311
default,6,contract,UA_Ao_Sload5000,deploy_cost,114223
default,6,contract,UA_Ao_Sload5000,deploy_size,311
default,7,test,test_NamedReturn_struct_Ao_get,gas,13858
default,7,test,test_NamedReturn_one_A_get,gas,7834
default,7,test,test_NamedReturn_one_Ao_get,gas,7865
default,7,test,test_NamedReturn_struct_A_get,gas,14140
default,7,test,test_NamedReturn_three_A_get,gas,10060
default,7,test,test_NamedReturn_three_Ao_get,gas,10058
default,7,test,test_CustomErrors_k1_A_set,gas,48727
default,7,test,test_CustomErrors_k1_Ao_set,gas,48709
default,7,test,test_PayableCtor_min_A_deploy,gas,151484
default,7,test,test_PayableCtor_min_A_touch,gas,31597
default,7,test,test_PayableCtor_min_Ao_deploy,gas,151246
default,7,test,test_PayableCtor_min_Ao_touch,gas,31546
default,7,test,test_PayableCtor_simple_A_deploy,gas,302571
default,7,test,test_PayableCtor_simple_Ao_deploy,gas,302336
default,7,test,test_Unchecked_arith100_A_loop,gas,41201
default,7,test,test_Unchecked_arith100_Ao_loop,gas,34946
default,7,test,test_PayableCtor_runtime_A_bump,gas,48645
default,7,test,test_PayableCtor_runtime_Ao_bump,gas,48615
default,7,test,test_CustomErrors_k5_A_set,gas,48740
default,7,test,test_CustomErrors_k5_Ao_set,gas,48741
default,7,test,test_CustomErrors_k20_A_set,gas,49349
default,7,test,test_CustomErrors_k20_Ao_set,gas,49286
default,7,test,test_Unchecked_sload100_A_loop,gas,276509
default,7,test,test_Unchecked_sload100_Ao_loop,gas,269960
default,7,test,test_Unchecked_arith1000_A_loop,gas,151944
default,7,test,test_Unchecked_arith1000_Ao_loop,gas,88904
default,7,test,test_PayableCtor_heavy_A_deploy,gas,1739729
default,7,test,test_PayableCtor_heavy_A_touch,gas,48668
default,7,test,test_PayableCtor_heavy_Ao_deploy,gas,1739470
default,7,test,test_PayableCtor_heavy_Ao_touch,gas,48595
default,7,test,test_Unchecked_arith5000_A_loop,gas,643934
default,7,test,test_Unchecked_arith5000_Ao_loop,gas,328959
default,7,test,test_Unchecked_sload1000_A_loop,gas,2341153
default,7,test,test_Unchecked_sload1000_Ao_loop,gas,2276060
default,7,test,test_Unchecked_sload5000_A_loop,gas,11517087
default,7,test,test_Unchecked_sload5000_Ao_loop,gas,11192037
default,7,contract,CE_A_1,deploy_cost,98423
default,7,contract,CE_A_1,deploy_size,236
default,7,contract,CE_A_20,deploy_cost,431876
default,7,contract,CE_A_20,deploy_size,1786
default,7,contract,CE_A_5,deploy_cost,190859
default,7,contract,CE_A_5,deploy_size,666
default,7,contract,CE_Ao_1,deploy_cost,88909
default,7,contract,CE_Ao_1,deploy_size,192
default,7,contract,CE_Ao_20,deploy_cost,229548
default,7,contract,CE_Ao_20,deploy_size,844
default,7,contract,CE_Ao_5,deploy_cost,145499
default,7,contract,CE_Ao_5,deploy_size,456
default,7,contract,NR_A_One,deploy_cost,117879
default,7,contract,NR_A_One,deploy_size,328
default,7,contract,NR_A_Struct,deploy_cost,201639
default,7,contract,NR_A_Struct,deploy_size,715
default,7,contract,NR_A_Three,deploy_cost,120999
default,7,contract,NR_A_Three,deploy_size,342
default,7,contract,NR_Ao_One,deploy_cost,118143
default,7,contract,NR_Ao_One,deploy_size,329
default,7,contract,NR_Ao_Struct,deploy_cost,192991
default,7,contract,NR_Ao_Struct,deploy_size,675
default,7,contract,PC_A_Heavy,deploy_cost,1706821
default,7,contract,PC_A_Heavy,deploy_size,1643
default,7,contract,PC_A_Min,deploy_cost,119080
default,7,contract,PC_A_Min,deploy_size,233
default,7,contract,PC_A_Simple,deploy_cost,269800
default,7,contract,PC_A_Simple,deploy_size,1479
default,7,contract,PC_Ao_Heavy,deploy_cost,1706603
default,7,contract,PC_Ao_Heavy,deploy_size,1631
default,7,contract,PC_Ao_Min,deploy_cost,118874
default,7,contract,PC_Ao_Min,deploy_size,221
default,7,contract,PC_Ao_Simple,deploy_cost,269594
default,7,contract,PC_Ao_Simple,deploy_size,1467
default,7,contract,UA_A_Arith100,deploy_cost,118971
default,7,contract,UA_A_Arith100,deploy_size,333
default,7,contract,UA_A_Arith1000,deploy_cost,119403
default,7,contract,UA_A_Arith1000,deploy_size,335
default,7,contract,UA_A_Arith5000,deploy_cost,119403
default,7,contract,UA_A_Arith5000,deploy_size,335
default,7,contract,UA_A_Sload100,deploy_cost,123299
default,7,contract,UA_A_Sload100,deploy_size,353
default,7,contract,UA_A_Sload1000,deploy_cost,123731
default,7,contract,UA_A_Sload1000,deploy_size,355
default,7,contract,UA_A_Sload5000,deploy_cost,123731
default,7,contract,UA_A_Sload5000,deploy_size,355
default,7,contract,UA_Ao_Arith100,deploy_cost,106807
default,7,contract,UA_Ao_Arith100,deploy_size,275
default,7,contract,UA_Ao_Arith1000,deploy_cost,107239
default,7,contract,UA_Ao_Arith1000,deploy_size,277
default,7,contract,UA_Ao_Arith5000,deploy_cost,107239
default,7,contract,UA_Ao_Arith5000,deploy_size,277
default,7,contract,UA_Ao_Sload100,deploy_cost,113791
default,7,contract,UA_Ao_Sload100,deploy_size,309
default,7,contract,UA_Ao_Sload1000,deploy_cost,114223
default,7,contract,UA_Ao_Sload1000,deploy_size,311
default,7,contract,UA_Ao_Sload5000,deploy_cost,114223
default,7,contract,UA_Ao_Sload5000,deploy_size,311
default,8,test,test_NamedReturn_struct_Ao_get,gas,13858
default,8,test,test_NamedReturn_one_A_get,gas,7834
default,8,test,test_NamedReturn_three_Ao_get,gas,10058
default,8,test,test_NamedReturn_one_Ao_get,gas,7865
default,8,test,test_PayableCtor_simple_A_deploy,gas,302571
default,8,test,test_PayableCtor_simple_Ao_deploy,gas,302336
default,8,test,test_PayableCtor_runtime_A_bump,gas,48645
default,8,test,test_PayableCtor_runtime_Ao_bump,gas,48615
default,8,test,test_PayableCtor_min_A_deploy,gas,151484
default,8,test,test_PayableCtor_min_A_touch,gas,31597
default,8,test,test_PayableCtor_min_Ao_deploy,gas,151246
default,8,test,test_PayableCtor_min_Ao_touch,gas,31546
default,8,test,test_CustomErrors_k20_A_set,gas,49349
default,8,test,test_CustomErrors_k20_Ao_set,gas,49286
default,8,test,test_CustomErrors_k5_A_set,gas,48740
default,8,test,test_CustomErrors_k5_Ao_set,gas,48741
default,8,test,test_PayableCtor_heavy_A_deploy,gas,1739729
default,8,test,test_PayableCtor_heavy_A_touch,gas,48668
default,8,test,test_PayableCtor_heavy_Ao_deploy,gas,1739470
default,8,test,test_PayableCtor_heavy_Ao_touch,gas,48595
default,8,test,test_Unchecked_sload100_A_loop,gas,276509
default,8,test,test_Unchecked_sload100_Ao_loop,gas,269960
default,8,test,test_Unchecked_arith1000_A_loop,gas,151944
default,8,test,test_Unchecked_arith1000_Ao_loop,gas,88904
default,8,test,test_NamedReturn_three_A_get,gas,10060
default,8,test,test_CustomErrors_k1_A_set,gas,48727
default,8,test,test_CustomErrors_k1_Ao_set,gas,48709
default,8,test,test_NamedReturn_struct_A_get,gas,14140
default,8,test,test_Unchecked_arith5000_A_loop,gas,643934
default,8,test,test_Unchecked_arith5000_Ao_loop,gas,328959
default,8,test,test_Unchecked_sload1000_A_loop,gas,2341153
default,8,test,test_Unchecked_sload1000_Ao_loop,gas,2276060
default,8,test,test_Unchecked_sload5000_A_loop,gas,11517087
default,8,test,test_Unchecked_sload5000_Ao_loop,gas,11192037
default,8,test,test_Unchecked_arith100_A_loop,gas,41201
default,8,test,test_Unchecked_arith100_Ao_loop,gas,34946
default,8,contract,CE_A_1,deploy_cost,98423
default,8,contract,CE_A_1,deploy_size,236
default,8,contract,CE_A_20,deploy_cost,431876
default,8,contract,CE_A_20,deploy_size,1786
default,8,contract,CE_A_5,deploy_cost,190859
default,8,contract,CE_A_5,deploy_size,666
default,8,contract,CE_Ao_1,deploy_cost,88909
default,8,contract,CE_Ao_1,deploy_size,192
default,8,contract,CE_Ao_20,deploy_cost,229548
default,8,contract,CE_Ao_20,deploy_size,844
default,8,contract,CE_Ao_5,deploy_cost,145499
default,8,contract,CE_Ao_5,deploy_size,456
default,8,contract,NR_A_One,deploy_cost,117879
default,8,contract,NR_A_One,deploy_size,328
default,8,contract,NR_A_Struct,deploy_cost,201639
default,8,contract,NR_A_Struct,deploy_size,715
default,8,contract,NR_A_Three,deploy_cost,120999
default,8,contract,NR_A_Three,deploy_size,342
default,8,contract,NR_Ao_One,deploy_cost,118143
default,8,contract,NR_Ao_One,deploy_size,329
default,8,contract,NR_Ao_Struct,deploy_cost,192991
default,8,contract,NR_Ao_Struct,deploy_size,675
default,8,contract,PC_A_Heavy,deploy_cost,1706821
default,8,contract,PC_A_Heavy,deploy_size,1643
default,8,contract,PC_A_Min,deploy_cost,119080
default,8,contract,PC_A_Min,deploy_size,233
default,8,contract,PC_A_Simple,deploy_cost,269800
default,8,contract,PC_A_Simple,deploy_size,1479
default,8,contract,PC_Ao_Heavy,deploy_cost,1706603
default,8,contract,PC_Ao_Heavy,deploy_size,1631
default,8,contract,PC_Ao_Min,deploy_cost,118874
default,8,contract,PC_Ao_Min,deploy_size,221
default,8,contract,PC_Ao_Simple,deploy_cost,269594
default,8,contract,PC_Ao_Simple,deploy_size,1467
default,8,contract,UA_A_Arith100,deploy_cost,118971
default,8,contract,UA_A_Arith100,deploy_size,333
default,8,contract,UA_A_Arith1000,deploy_cost,119403
default,8,contract,UA_A_Arith1000,deploy_size,335
default,8,contract,UA_A_Arith5000,deploy_cost,119403
default,8,contract,UA_A_Arith5000,deploy_size,335
default,8,contract,UA_A_Sload100,deploy_cost,123299
default,8,contract,UA_A_Sload100,deploy_size,353
default,8,contract,UA_A_Sload1000,deploy_cost,123731
default,8,contract,UA_A_Sload1000,deploy_size,355
default,8,contract,UA_A_Sload5000,deploy_cost,123731
default,8,contract,UA_A_Sload5000,deploy_size,355
default,8,contract,UA_Ao_Arith100,deploy_cost,106807
default,8,contract,UA_Ao_Arith100,deploy_size,275
default,8,contract,UA_Ao_Arith1000,deploy_cost,107239
default,8,contract,UA_Ao_Arith1000,deploy_size,277
default,8,contract,UA_Ao_Arith5000,deploy_cost,107239
default,8,contract,UA_Ao_Arith5000,deploy_size,277
default,8,contract,UA_Ao_Sload100,deploy_cost,113791
default,8,contract,UA_Ao_Sload100,deploy_size,309
default,8,contract,UA_Ao_Sload1000,deploy_cost,114223
default,8,contract,UA_Ao_Sload1000,deploy_size,311
default,8,contract,UA_Ao_Sload5000,deploy_cost,114223
default,8,contract,UA_Ao_Sload5000,deploy_size,311
default,9,test,test_NamedReturn_three_A_get,gas,10060
default,9,test,test_NamedReturn_one_Ao_get,gas,7865
default,9,test,test_NamedReturn_three_Ao_get,gas,10058
default,9,test,test_NamedReturn_one_A_get,gas,7834
default,9,test,test_CustomErrors_k1_A_set,gas,48727
default,9,test,test_CustomErrors_k1_Ao_set,gas,48709
default,9,test,test_PayableCtor_runtime_A_bump,gas,48645
default,9,test,test_PayableCtor_runtime_Ao_bump,gas,48615
default,9,test,test_PayableCtor_simple_A_deploy,gas,302571
default,9,test,test_PayableCtor_simple_Ao_deploy,gas,302336
default,9,test,test_PayableCtor_min_A_deploy,gas,151484
default,9,test,test_PayableCtor_min_A_touch,gas,31597
default,9,test,test_PayableCtor_min_Ao_deploy,gas,151246
default,9,test,test_PayableCtor_min_Ao_touch,gas,31546
default,9,test,test_CustomErrors_k20_A_set,gas,49349
default,9,test,test_CustomErrors_k20_Ao_set,gas,49286
default,9,test,test_CustomErrors_k5_A_set,gas,48740
default,9,test,test_CustomErrors_k5_Ao_set,gas,48741
default,9,test,test_Unchecked_arith100_A_loop,gas,41201
default,9,test,test_Unchecked_arith100_Ao_loop,gas,34946
default,9,test,test_NamedReturn_struct_A_get,gas,14140
default,9,test,test_NamedReturn_struct_Ao_get,gas,13858
default,9,test,test_Unchecked_sload100_A_loop,gas,276509
default,9,test,test_Unchecked_sload100_Ao_loop,gas,269960
default,9,test,test_Unchecked_arith1000_A_loop,gas,151944
default,9,test,test_Unchecked_arith1000_Ao_loop,gas,88904
default,9,test,test_PayableCtor_heavy_A_deploy,gas,1739729
default,9,test,test_PayableCtor_heavy_A_touch,gas,48668
default,9,test,test_PayableCtor_heavy_Ao_deploy,gas,1739470
default,9,test,test_PayableCtor_heavy_Ao_touch,gas,48595
default,9,test,test_Unchecked_arith5000_A_loop,gas,643934
default,9,test,test_Unchecked_arith5000_Ao_loop,gas,328959
default,9,test,test_Unchecked_sload1000_A_loop,gas,2341153
default,9,test,test_Unchecked_sload1000_Ao_loop,gas,2276060
default,9,test,test_Unchecked_sload5000_A_loop,gas,11517087
default,9,test,test_Unchecked_sload5000_Ao_loop,gas,11192037
default,9,contract,CE_A_1,deploy_cost,98423
default,9,contract,CE_A_1,deploy_size,236
default,9,contract,CE_A_20,deploy_cost,431876
default,9,contract,CE_A_20,deploy_size,1786
default,9,contract,CE_A_5,deploy_cost,190859
default,9,contract,CE_A_5,deploy_size,666
default,9,contract,CE_Ao_1,deploy_cost,88909
default,9,contract,CE_Ao_1,deploy_size,192
default,9,contract,CE_Ao_20,deploy_cost,229548
default,9,contract,CE_Ao_20,deploy_size,844
default,9,contract,CE_Ao_5,deploy_cost,145499
default,9,contract,CE_Ao_5,deploy_size,456
default,9,contract,NR_A_One,deploy_cost,117879
default,9,contract,NR_A_One,deploy_size,328
default,9,contract,NR_A_Struct,deploy_cost,201639
default,9,contract,NR_A_Struct,deploy_size,715
default,9,contract,NR_A_Three,deploy_cost,120999
default,9,contract,NR_A_Three,deploy_size,342
default,9,contract,NR_Ao_One,deploy_cost,118143
default,9,contract,NR_Ao_One,deploy_size,329
default,9,contract,NR_Ao_Struct,deploy_cost,192991
default,9,contract,NR_Ao_Struct,deploy_size,675
default,9,contract,PC_A_Heavy,deploy_cost,1706821
default,9,contract,PC_A_Heavy,deploy_size,1643
default,9,contract,PC_A_Min,deploy_cost,119080
default,9,contract,PC_A_Min,deploy_size,233
default,9,contract,PC_A_Simple,deploy_cost,269800
default,9,contract,PC_A_Simple,deploy_size,1479
default,9,contract,PC_Ao_Heavy,deploy_cost,1706603
default,9,contract,PC_Ao_Heavy,deploy_size,1631
default,9,contract,PC_Ao_Min,deploy_cost,118874
default,9,contract,PC_Ao_Min,deploy_size,221
default,9,contract,PC_Ao_Simple,deploy_cost,269594
default,9,contract,PC_Ao_Simple,deploy_size,1467
default,9,contract,UA_A_Arith100,deploy_cost,118971
default,9,contract,UA_A_Arith100,deploy_size,333
default,9,contract,UA_A_Arith1000,deploy_cost,119403
default,9,contract,UA_A_Arith1000,deploy_size,335
default,9,contract,UA_A_Arith5000,deploy_cost,119403
default,9,contract,UA_A_Arith5000,deploy_size,335
default,9,contract,UA_A_Sload100,deploy_cost,123299
default,9,contract,UA_A_Sload100,deploy_size,353
default,9,contract,UA_A_Sload1000,deploy_cost,123731
default,9,contract,UA_A_Sload1000,deploy_size,355
default,9,contract,UA_A_Sload5000,deploy_cost,123731
default,9,contract,UA_A_Sload5000,deploy_size,355
default,9,contract,UA_Ao_Arith100,deploy_cost,106807
default,9,contract,UA_Ao_Arith100,deploy_size,275
default,9,contract,UA_Ao_Arith1000,deploy_cost,107239
default,9,contract,UA_Ao_Arith1000,deploy_size,277
default,9,contract,UA_Ao_Arith5000,deploy_cost,107239
default,9,contract,UA_Ao_Arith5000,deploy_size,277
default,9,contract,UA_Ao_Sload100,deploy_cost,113791
default,9,contract,UA_Ao_Sload100,deploy_size,309
default,9,contract,UA_Ao_Sload1000,deploy_cost,114223
default,9,contract,UA_Ao_Sload1000,deploy_size,311
default,9,contract,UA_Ao_Sload5000,deploy_cost,114223
default,9,contract,UA_Ao_Sload5000,deploy_size,311
default,10,test,test_NamedReturn_one_Ao_get,gas,7865
default,10,test,test_NamedReturn_one_A_get,gas,7834
default,10,test,test_NamedReturn_struct_A_get,gas,14140
default,10,test,test_PayableCtor_runtime_A_bump,gas,48645
default,10,test,test_PayableCtor_runtime_Ao_bump,gas,48615
default,10,test,test_NamedReturn_struct_Ao_get,gas,13858
default,10,test,test_PayableCtor_simple_A_deploy,gas,302571
default,10,test,test_PayableCtor_simple_Ao_deploy,gas,302336
default,10,test,test_CustomErrors_k20_A_set,gas,49349
default,10,test,test_CustomErrors_k20_Ao_set,gas,49286
default,10,test,test_CustomErrors_k5_A_set,gas,48740
default,10,test,test_CustomErrors_k5_Ao_set,gas,48741
default,10,test,test_Unchecked_sload100_A_loop,gas,276509
default,10,test,test_Unchecked_sload100_Ao_loop,gas,269960
default,10,test,test_CustomErrors_k1_A_set,gas,48727
default,10,test,test_CustomErrors_k1_Ao_set,gas,48709
default,10,test,test_NamedReturn_three_Ao_get,gas,10058
default,10,test,test_Unchecked_arith100_A_loop,gas,41201
default,10,test,test_Unchecked_arith100_Ao_loop,gas,34946
default,10,test,test_PayableCtor_min_A_deploy,gas,151484
default,10,test,test_PayableCtor_min_A_touch,gas,31597
default,10,test,test_PayableCtor_min_Ao_deploy,gas,151246
default,10,test,test_PayableCtor_min_Ao_touch,gas,31546
default,10,test,test_NamedReturn_three_A_get,gas,10060
default,10,test,test_PayableCtor_heavy_A_deploy,gas,1739729
default,10,test,test_PayableCtor_heavy_A_touch,gas,48668
default,10,test,test_PayableCtor_heavy_Ao_deploy,gas,1739470
default,10,test,test_PayableCtor_heavy_Ao_touch,gas,48595
default,10,test,test_Unchecked_arith1000_A_loop,gas,151944
default,10,test,test_Unchecked_arith1000_Ao_loop,gas,88904
default,10,test,test_Unchecked_arith5000_A_loop,gas,643934
default,10,test,test_Unchecked_arith5000_Ao_loop,gas,328959
default,10,test,test_Unchecked_sload1000_A_loop,gas,2341153
default,10,test,test_Unchecked_sload1000_Ao_loop,gas,2276060
default,10,test,test_Unchecked_sload5000_A_loop,gas,11517087
default,10,test,test_Unchecked_sload5000_Ao_loop,gas,11192037
default,10,contract,CE_A_1,deploy_cost,98423
default,10,contract,CE_A_1,deploy_size,236
default,10,contract,CE_A_20,deploy_cost,431876
default,10,contract,CE_A_20,deploy_size,1786
default,10,contract,CE_A_5,deploy_cost,190859
default,10,contract,CE_A_5,deploy_size,666
default,10,contract,CE_Ao_1,deploy_cost,88909
default,10,contract,CE_Ao_1,deploy_size,192
default,10,contract,CE_Ao_20,deploy_cost,229548
default,10,contract,CE_Ao_20,deploy_size,844
default,10,contract,CE_Ao_5,deploy_cost,145499
default,10,contract,CE_Ao_5,deploy_size,456
default,10,contract,NR_A_One,deploy_cost,117879
default,10,contract,NR_A_One,deploy_size,328
default,10,contract,NR_A_Struct,deploy_cost,201639
default,10,contract,NR_A_Struct,deploy_size,715
default,10,contract,NR_A_Three,deploy_cost,120999
default,10,contract,NR_A_Three,deploy_size,342
default,10,contract,NR_Ao_One,deploy_cost,118143
default,10,contract,NR_Ao_One,deploy_size,329
default,10,contract,NR_Ao_Struct,deploy_cost,192991
default,10,contract,NR_Ao_Struct,deploy_size,675
default,10,contract,PC_A_Heavy,deploy_cost,1706821
default,10,contract,PC_A_Heavy,deploy_size,1643
default,10,contract,PC_A_Min,deploy_cost,119080
default,10,contract,PC_A_Min,deploy_size,233
default,10,contract,PC_A_Simple,deploy_cost,269800
default,10,contract,PC_A_Simple,deploy_size,1479
default,10,contract,PC_Ao_Heavy,deploy_cost,1706603
default,10,contract,PC_Ao_Heavy,deploy_size,1631
default,10,contract,PC_Ao_Min,deploy_cost,118874
default,10,contract,PC_Ao_Min,deploy_size,221
default,10,contract,PC_Ao_Simple,deploy_cost,269594
default,10,contract,PC_Ao_Simple,deploy_size,1467
default,10,contract,UA_A_Arith100,deploy_cost,118971
default,10,contract,UA_A_Arith100,deploy_size,333
default,10,contract,UA_A_Arith1000,deploy_cost,119403
default,10,contract,UA_A_Arith1000,deploy_size,335
default,10,contract,UA_A_Arith5000,deploy_cost,119403
default,10,contract,UA_A_Arith5000,deploy_size,335
default,10,contract,UA_A_Sload100,deploy_cost,123299
default,10,contract,UA_A_Sload100,deploy_size,353
default,10,contract,UA_A_Sload1000,deploy_cost,123731
default,10,contract,UA_A_Sload1000,deploy_size,355
default,10,contract,UA_A_Sload5000,deploy_cost,123731
default,10,contract,UA_A_Sload5000,deploy_size,355
default,10,contract,UA_Ao_Arith100,deploy_cost,106807
default,10,contract,UA_Ao_Arith100,deploy_size,275
default,10,contract,UA_Ao_Arith1000,deploy_cost,107239
default,10,contract,UA_Ao_Arith1000,deploy_size,277
default,10,contract,UA_Ao_Arith5000,deploy_cost,107239
default,10,contract,UA_Ao_Arith5000,deploy_size,277
default,10,contract,UA_Ao_Sload100,deploy_cost,113791
default,10,contract,UA_Ao_Sload100,deploy_size,309
default,10,contract,UA_Ao_Sload1000,deploy_cost,114223
default,10,contract,UA_Ao_Sload1000,deploy_size,311
default,10,contract,UA_Ao_Sload5000,deploy_cost,114223
default,10,contract,UA_Ao_Sload5000,deploy_size,311
viair,1,test,test_NamedReturn_one_A_get,gas,7604
viair,1,test,test_NamedReturn_three_A_get,gas,9828
viair,1,test,test_NamedReturn_three_Ao_get,gas,10048
viair,1,test,test_NamedReturn_struct_Ao_get,gas,13475
viair,1,test,test_CustomErrors_k20_A_set,gas,49281
viair,1,test,test_CustomErrors_k20_Ao_set,gas,49194
viair,1,test,test_PayableCtor_simple_A_deploy,gas,306573
viair,1,test,test_PayableCtor_simple_Ao_deploy,gas,306219
viair,1,test,test_PayableCtor_runtime_A_bump,gas,48647
viair,1,test,test_PayableCtor_runtime_Ao_bump,gas,48862
viair,1,test,test_PayableCtor_min_A_deploy,gas,152284
viair,1,test,test_PayableCtor_min_A_touch,gas,31595
viair,1,test,test_PayableCtor_min_Ao_deploy,gas,152394
viair,1,test,test_PayableCtor_min_Ao_touch,gas,31697
viair,1,test,test_CustomErrors_k5_A_set,gas,48703
viair,1,test,test_CustomErrors_k5_Ao_set,gas,48962
viair,1,test,test_Unchecked_arith1000_A_loop,gas,115069
viair,1,test,test_Unchecked_arith1000_Ao_loop,gas,92947
viair,1,test,test_NamedReturn_one_Ao_get,gas,7714
viair,1,test,test_Unchecked_sload100_A_loop,gas,271001
viair,1,test,test_Unchecked_sload100_Ao_loop,gas,268734
viair,1,test,test_NamedReturn_struct_A_get,gas,13793
viair,1,test,test_PayableCtor_heavy_A_deploy,gas,1743453
viair,1,test,test_PayableCtor_heavy_A_touch,gas,48671
viair,1,test,test_PayableCtor_heavy_Ao_deploy,gas,1743138
viair,1,test,test_PayableCtor_heavy_Ao_touch,gas,48623
viair,1,test,test_Unchecked_arith5000_A_loop,gas,458893
viair,1,test,test_Unchecked_arith5000_Ao_loop,gas,348903
viair,1,test,test_CustomErrors_k1_A_set,gas,48920
viair,1,test,test_CustomErrors_k1_Ao_set,gas,48803
viair,1,test,test_Unchecked_sload1000_A_loop,gas,2285146
viair,1,test,test_Unchecked_sload1000_Ao_loop,gas,2263227
viair,1,test,test_Unchecked_arith100_A_loop,gas,37393
viair,1,test,test_Unchecked_arith100_Ao_loop,gas,35462
viair,1,test,test_Unchecked_sload5000_A_loop,gas,11237080
viair,1,test,test_Unchecked_sload5000_Ao_loop,gas,11127293
viair,1,contract,CE_A_1,deploy_cost,91479
viair,1,contract,CE_A_1,deploy_size,202
viair,1,contract,CE_A_20,deploy_cost,398590
viair,1,contract,CE_A_20,deploy_size,1629
viair,1,contract,CE_A_5,deploy_cost,186936
viair,1,contract,CE_A_5,deploy_size,646
viair,1,contract,CE_Ao_1,deploy_cost,81961
viair,1,contract,CE_Ao_1,deploy_size,157
viair,1,contract,CE_Ao_20,deploy_cost,175735
viair,1,contract,CE_Ao_20,deploy_size,593
viair,1,contract,CE_Ao_5,deploy_cost,135103
viair,1,contract,CE_Ao_5,deploy_size,406
viair,1,contract,NR_A_One,deploy_cost,93867
viair,1,contract,NR_A_One,deploy_size,213
viair,1,contract,NR_A_Struct,deploy_cost,188748
viair,1,contract,NR_A_Struct,deploy_size,653
viair,1,contract,NR_A_Three,deploy_cost,103169
viair,1,contract,NR_A_Three,deploy_size,256
viair,1,contract,NR_Ao_Struct,deploy_cost,169103
viair,1,contract,NR_Ao_Struct,deploy_size,562
viair,1,contract,PC_A_Heavy,deploy_cost,1710353
viair,1,contract,PC_A_Heavy,deploy_size,1562
viair,1,contract,PC_A_Min,deploy_cost,119908
viair,1,contract,PC_A_Min,deploy_size,235
viair,1,contract,PC_A_Simple,deploy_cost,273642
viair,1,contract,PC_A_Simple,deploy_size,1392
viair,1,contract,PC_Ao_Heavy,deploy_cost,1710258
viair,1,contract,PC_Ao_Heavy,deploy_size,1557
viair,1,contract,PC_Ao_Min,deploy_cost,119761
viair,1,contract,PC_Ao_Min,deploy_size,226
viair,1,contract,PC_Ao_Simple,deploy_cost,273535
viair,1,contract,PC_Ao_Simple,deploy_size,1387
viair,1,contract,UA_A_Arith100,deploy_cost,107647
viair,1,contract,UA_A_Arith100,deploy_size,277
viair,1,contract,UA_A_Arith1000,deploy_cost,107647
viair,1,contract,UA_A_Arith1000,deploy_size,277
viair,1,contract,UA_A_Arith5000,deploy_cost,107647
viair,1,contract,UA_A_Arith5000,deploy_size,277
viair,1,contract,UA_A_Sload100,deploy_cost,118311
viair,1,contract,UA_A_Sload100,deploy_size,328
viair,1,contract,UA_A_Sload1000,deploy_cost,118743
viair,1,contract,UA_A_Sload1000,deploy_size,330
viair,1,contract,UA_A_Sload5000,deploy_cost,118743
viair,1,contract,UA_A_Sload5000,deploy_size,330
viair,1,contract,UA_Ao_Arith100,deploy_cost,101591
viair,1,contract,UA_Ao_Arith100,deploy_size,249
viair,1,contract,UA_Ao_Arith1000,deploy_cost,101591
viair,1,contract,UA_Ao_Arith1000,deploy_size,249
viair,1,contract,UA_Ao_Arith5000,deploy_cost,101591
viair,1,contract,UA_Ao_Arith5000,deploy_size,249
viair,1,contract,UA_Ao_Sload100,deploy_cost,112051
viair,1,contract,UA_Ao_Sload100,deploy_size,299
viair,1,contract,UA_Ao_Sload1000,deploy_cost,112483
viair,1,contract,UA_Ao_Sload1000,deploy_size,301
viair,1,contract,UA_Ao_Sload5000,deploy_cost,112483
viair,1,contract,UA_Ao_Sload5000,deploy_size,301
viair,2,test,test_NamedReturn_struct_A_get,gas,13793
viair,2,test,test_NamedReturn_one_Ao_get,gas,7714
viair,2,test,test_CustomErrors_k1_A_set,gas,48920
viair,2,test,test_CustomErrors_k1_Ao_set,gas,48803
viair,2,test,test_NamedReturn_three_Ao_get,gas,10048
viair,2,test,test_PayableCtor_min_A_deploy,gas,152284
viair,2,test,test_PayableCtor_min_A_touch,gas,31595
viair,2,test,test_PayableCtor_min_Ao_deploy,gas,152394
viair,2,test,test_PayableCtor_min_Ao_touch,gas,31697
viair,2,test,test_PayableCtor_simple_A_deploy,gas,306573
viair,2,test,test_PayableCtor_simple_Ao_deploy,gas,306219
viair,2,test,test_Unchecked_arith100_A_loop,gas,37393
viair,2,test,test_Unchecked_arith100_Ao_loop,gas,35462
viair,2,test,test_NamedReturn_struct_Ao_get,gas,13475
viair,2,test,test_CustomErrors_k20_A_set,gas,49281
viair,2,test,test_CustomErrors_k20_Ao_set,gas,49194
viair,2,test,test_CustomErrors_k5_A_set,gas,48703
viair,2,test,test_CustomErrors_k5_Ao_set,gas,48962
viair,2,test,test_PayableCtor_heavy_A_deploy,gas,1743453
viair,2,test,test_PayableCtor_heavy_A_touch,gas,48671
viair,2,test,test_PayableCtor_heavy_Ao_deploy,gas,1743138
viair,2,test,test_PayableCtor_heavy_Ao_touch,gas,48623
viair,2,test,test_NamedReturn_one_A_get,gas,7604
viair,2,test,test_NamedReturn_three_A_get,gas,9828
viair,2,test,test_Unchecked_arith1000_A_loop,gas,115069
viair,2,test,test_Unchecked_arith1000_Ao_loop,gas,92947
viair,2,test,test_Unchecked_sload100_A_loop,gas,271001
viair,2,test,test_Unchecked_sload100_Ao_loop,gas,268734
viair,2,test,test_Unchecked_sload1000_A_loop,gas,2285146
viair,2,test,test_Unchecked_sload1000_Ao_loop,gas,2263227
viair,2,test,test_Unchecked_arith5000_A_loop,gas,458893
viair,2,test,test_Unchecked_arith5000_Ao_loop,gas,348903
viair,2,test,test_Unchecked_sload5000_A_loop,gas,11237080
viair,2,test,test_Unchecked_sload5000_Ao_loop,gas,11127293
viair,2,test,test_PayableCtor_runtime_A_bump,gas,48647
viair,2,test,test_PayableCtor_runtime_Ao_bump,gas,48862
viair,2,contract,CE_A_1,deploy_cost,91479
viair,2,contract,CE_A_1,deploy_size,202
viair,2,contract,CE_A_20,deploy_cost,398590
viair,2,contract,CE_A_20,deploy_size,1629
viair,2,contract,CE_A_5,deploy_cost,186936
viair,2,contract,CE_A_5,deploy_size,646
viair,2,contract,CE_Ao_1,deploy_cost,81961
viair,2,contract,CE_Ao_1,deploy_size,157
viair,2,contract,CE_Ao_20,deploy_cost,175735
viair,2,contract,CE_Ao_20,deploy_size,593
viair,2,contract,CE_Ao_5,deploy_cost,135103
viair,2,contract,CE_Ao_5,deploy_size,406
viair,2,contract,NR_A_One,deploy_cost,93867
viair,2,contract,NR_A_One,deploy_size,213
viair,2,contract,NR_A_Struct,deploy_cost,188748
viair,2,contract,NR_A_Struct,deploy_size,653
viair,2,contract,NR_A_Three,deploy_cost,103169
viair,2,contract,NR_A_Three,deploy_size,256
viair,2,contract,NR_Ao_Struct,deploy_cost,169103
viair,2,contract,NR_Ao_Struct,deploy_size,562
viair,2,contract,PC_A_Heavy,deploy_cost,1710353
viair,2,contract,PC_A_Heavy,deploy_size,1562
viair,2,contract,PC_A_Min,deploy_cost,119908
viair,2,contract,PC_A_Min,deploy_size,235
viair,2,contract,PC_A_Simple,deploy_cost,273642
viair,2,contract,PC_A_Simple,deploy_size,1392
viair,2,contract,PC_Ao_Heavy,deploy_cost,1710258
viair,2,contract,PC_Ao_Heavy,deploy_size,1557
viair,2,contract,PC_Ao_Min,deploy_cost,119761
viair,2,contract,PC_Ao_Min,deploy_size,226
viair,2,contract,PC_Ao_Simple,deploy_cost,273535
viair,2,contract,PC_Ao_Simple,deploy_size,1387
viair,2,contract,UA_A_Arith100,deploy_cost,107647
viair,2,contract,UA_A_Arith100,deploy_size,277
viair,2,contract,UA_A_Arith1000,deploy_cost,107647
viair,2,contract,UA_A_Arith1000,deploy_size,277
viair,2,contract,UA_A_Arith5000,deploy_cost,107647
viair,2,contract,UA_A_Arith5000,deploy_size,277
viair,2,contract,UA_A_Sload100,deploy_cost,118311
viair,2,contract,UA_A_Sload100,deploy_size,328
viair,2,contract,UA_A_Sload1000,deploy_cost,118743
viair,2,contract,UA_A_Sload1000,deploy_size,330
viair,2,contract,UA_A_Sload5000,deploy_cost,118743
viair,2,contract,UA_A_Sload5000,deploy_size,330
viair,2,contract,UA_Ao_Arith100,deploy_cost,101591
viair,2,contract,UA_Ao_Arith100,deploy_size,249
viair,2,contract,UA_Ao_Arith1000,deploy_cost,101591
viair,2,contract,UA_Ao_Arith1000,deploy_size,249
viair,2,contract,UA_Ao_Arith5000,deploy_cost,101591
viair,2,contract,UA_Ao_Arith5000,deploy_size,249
viair,2,contract,UA_Ao_Sload100,deploy_cost,112051
viair,2,contract,UA_Ao_Sload100,deploy_size,299
viair,2,contract,UA_Ao_Sload1000,deploy_cost,112483
viair,2,contract,UA_Ao_Sload1000,deploy_size,301
viair,2,contract,UA_Ao_Sload5000,deploy_cost,112483
viair,2,contract,UA_Ao_Sload5000,deploy_size,301
viair,3,test,test_NamedReturn_three_A_get,gas,9828
viair,3,test,test_NamedReturn_one_Ao_get,gas,7714
viair,3,test,test_NamedReturn_struct_A_get,gas,13793
viair,3,test,test_CustomErrors_k1_A_set,gas,48920
viair,3,test,test_CustomErrors_k1_Ao_set,gas,48803
viair,3,test,test_NamedReturn_three_Ao_get,gas,10048
viair,3,test,test_PayableCtor_runtime_A_bump,gas,48647
viair,3,test,test_PayableCtor_runtime_Ao_bump,gas,48862
viair,3,test,test_NamedReturn_struct_Ao_get,gas,13475
viair,3,test,test_PayableCtor_min_A_deploy,gas,152284
viair,3,test,test_PayableCtor_min_A_touch,gas,31595
viair,3,test,test_PayableCtor_min_Ao_deploy,gas,152394
viair,3,test,test_PayableCtor_min_Ao_touch,gas,31697
viair,3,test,test_PayableCtor_simple_A_deploy,gas,306573
viair,3,test,test_PayableCtor_simple_Ao_deploy,gas,306219
viair,3,test,test_Unchecked_sload100_A_loop,gas,271001
viair,3,test,test_Unchecked_sload100_Ao_loop,gas,268734
viair,3,test,test_NamedReturn_one_A_get,gas,7604
viair,3,test,test_Unchecked_arith1000_A_loop,gas,115069
viair,3,test,test_Unchecked_arith1000_Ao_loop,gas,92947
viair,3,test,test_PayableCtor_heavy_A_deploy,gas,1743453
viair,3,test,test_PayableCtor_heavy_A_touch,gas,48671
viair,3,test,test_PayableCtor_heavy_Ao_deploy,gas,1743138
viair,3,test,test_PayableCtor_heavy_Ao_touch,gas,48623
viair,3,test,test_Unchecked_arith5000_A_loop,gas,458893
viair,3,test,test_Unchecked_arith5000_Ao_loop,gas,348903
viair,3,test,test_CustomErrors_k20_A_set,gas,49281
viair,3,test,test_CustomErrors_k20_Ao_set,gas,49194
viair,3,test,test_Unchecked_arith100_A_loop,gas,37393
viair,3,test,test_Unchecked_arith100_Ao_loop,gas,35462
viair,3,test,test_Unchecked_sload1000_A_loop,gas,2285146
viair,3,test,test_Unchecked_sload1000_Ao_loop,gas,2263227
viair,3,test,test_Unchecked_sload5000_A_loop,gas,11237080
viair,3,test,test_Unchecked_sload5000_Ao_loop,gas,11127293
viair,3,test,test_CustomErrors_k5_A_set,gas,48703
viair,3,test,test_CustomErrors_k5_Ao_set,gas,48962
viair,3,contract,CE_A_1,deploy_cost,91479
viair,3,contract,CE_A_1,deploy_size,202
viair,3,contract,CE_A_20,deploy_cost,398590
viair,3,contract,CE_A_20,deploy_size,1629
viair,3,contract,CE_A_5,deploy_cost,186936
viair,3,contract,CE_A_5,deploy_size,646
viair,3,contract,CE_Ao_1,deploy_cost,81961
viair,3,contract,CE_Ao_1,deploy_size,157
viair,3,contract,CE_Ao_20,deploy_cost,175735
viair,3,contract,CE_Ao_20,deploy_size,593
viair,3,contract,CE_Ao_5,deploy_cost,135103
viair,3,contract,CE_Ao_5,deploy_size,406
viair,3,contract,NR_A_One,deploy_cost,93867
viair,3,contract,NR_A_One,deploy_size,213
viair,3,contract,NR_A_Struct,deploy_cost,188748
viair,3,contract,NR_A_Struct,deploy_size,653
viair,3,contract,NR_A_Three,deploy_cost,103169
viair,3,contract,NR_A_Three,deploy_size,256
viair,3,contract,NR_Ao_Struct,deploy_cost,169103
viair,3,contract,NR_Ao_Struct,deploy_size,562
viair,3,contract,PC_A_Heavy,deploy_cost,1710353
viair,3,contract,PC_A_Heavy,deploy_size,1562
viair,3,contract,PC_A_Min,deploy_cost,119908
viair,3,contract,PC_A_Min,deploy_size,235
viair,3,contract,PC_A_Simple,deploy_cost,273642
viair,3,contract,PC_A_Simple,deploy_size,1392
viair,3,contract,PC_Ao_Heavy,deploy_cost,1710258
viair,3,contract,PC_Ao_Heavy,deploy_size,1557
viair,3,contract,PC_Ao_Min,deploy_cost,119761
viair,3,contract,PC_Ao_Min,deploy_size,226
viair,3,contract,PC_Ao_Simple,deploy_cost,273535
viair,3,contract,PC_Ao_Simple,deploy_size,1387
viair,3,contract,UA_A_Arith100,deploy_cost,107647
viair,3,contract,UA_A_Arith100,deploy_size,277
viair,3,contract,UA_A_Arith1000,deploy_cost,107647
viair,3,contract,UA_A_Arith1000,deploy_size,277
viair,3,contract,UA_A_Arith5000,deploy_cost,107647
viair,3,contract,UA_A_Arith5000,deploy_size,277
viair,3,contract,UA_A_Sload100,deploy_cost,118311
viair,3,contract,UA_A_Sload100,deploy_size,328
viair,3,contract,UA_A_Sload1000,deploy_cost,118743
viair,3,contract,UA_A_Sload1000,deploy_size,330
viair,3,contract,UA_A_Sload5000,deploy_cost,118743
viair,3,contract,UA_A_Sload5000,deploy_size,330
viair,3,contract,UA_Ao_Arith100,deploy_cost,101591
viair,3,contract,UA_Ao_Arith100,deploy_size,249
viair,3,contract,UA_Ao_Arith1000,deploy_cost,101591
viair,3,contract,UA_Ao_Arith1000,deploy_size,249
viair,3,contract,UA_Ao_Arith5000,deploy_cost,101591
viair,3,contract,UA_Ao_Arith5000,deploy_size,249
viair,3,contract,UA_Ao_Sload100,deploy_cost,112051
viair,3,contract,UA_Ao_Sload100,deploy_size,299
viair,3,contract,UA_Ao_Sload1000,deploy_cost,112483
viair,3,contract,UA_Ao_Sload1000,deploy_size,301
viair,3,contract,UA_Ao_Sload5000,deploy_cost,112483
viair,3,contract,UA_Ao_Sload5000,deploy_size,301
viair,4,test,test_NamedReturn_three_A_get,gas,9828
viair,4,test,test_NamedReturn_one_A_get,gas,7604
viair,4,test,test_NamedReturn_one_Ao_get,gas,7714
viair,4,test,test_PayableCtor_runtime_A_bump,gas,48647
viair,4,test,test_PayableCtor_runtime_Ao_bump,gas,48862
viair,4,test,test_NamedReturn_three_Ao_get,gas,10048
viair,4,test,test_PayableCtor_simple_A_deploy,gas,306573
viair,4,test,test_PayableCtor_simple_Ao_deploy,gas,306219
viair,4,test,test_CustomErrors_k1_A_set,gas,48920
viair,4,test,test_CustomErrors_k1_Ao_set,gas,48803
viair,4,test,test_NamedReturn_struct_Ao_get,gas,13475
viair,4,test,test_CustomErrors_k20_A_set,gas,49281
viair,4,test,test_CustomErrors_k20_Ao_set,gas,49194
viair,4,test,test_CustomErrors_k5_A_set,gas,48703
viair,4,test,test_CustomErrors_k5_Ao_set,gas,48962
viair,4,test,test_PayableCtor_heavy_A_deploy,gas,1743453
viair,4,test,test_PayableCtor_heavy_A_touch,gas,48671
viair,4,test,test_PayableCtor_heavy_Ao_deploy,gas,1743138
viair,4,test,test_PayableCtor_heavy_Ao_touch,gas,48623
viair,4,test,test_Unchecked_arith1000_A_loop,gas,115069
viair,4,test,test_Unchecked_arith1000_Ao_loop,gas,92947
viair,4,test,test_Unchecked_arith100_A_loop,gas,37393
viair,4,test,test_Unchecked_arith100_Ao_loop,gas,35462
viair,4,test,test_NamedReturn_struct_A_get,gas,13793
viair,4,test,test_Unchecked_sload100_A_loop,gas,271001
viair,4,test,test_Unchecked_sload100_Ao_loop,gas,268734
viair,4,test,test_Unchecked_arith5000_A_loop,gas,458893
viair,4,test,test_Unchecked_arith5000_Ao_loop,gas,348903
viair,4,test,test_Unchecked_sload1000_A_loop,gas,2285146
viair,4,test,test_Unchecked_sload1000_Ao_loop,gas,2263227
viair,4,test,test_Unchecked_sload5000_A_loop,gas,11237080
viair,4,test,test_Unchecked_sload5000_Ao_loop,gas,11127293
viair,4,test,test_PayableCtor_min_A_deploy,gas,152284
viair,4,test,test_PayableCtor_min_A_touch,gas,31595
viair,4,test,test_PayableCtor_min_Ao_deploy,gas,152394
viair,4,test,test_PayableCtor_min_Ao_touch,gas,31697
viair,4,contract,CE_A_1,deploy_cost,91479
viair,4,contract,CE_A_1,deploy_size,202
viair,4,contract,CE_A_20,deploy_cost,398590
viair,4,contract,CE_A_20,deploy_size,1629
viair,4,contract,CE_A_5,deploy_cost,186936
viair,4,contract,CE_A_5,deploy_size,646
viair,4,contract,CE_Ao_1,deploy_cost,81961
viair,4,contract,CE_Ao_1,deploy_size,157
viair,4,contract,CE_Ao_20,deploy_cost,175735
viair,4,contract,CE_Ao_20,deploy_size,593
viair,4,contract,CE_Ao_5,deploy_cost,135103
viair,4,contract,CE_Ao_5,deploy_size,406
viair,4,contract,NR_A_One,deploy_cost,93867
viair,4,contract,NR_A_One,deploy_size,213
viair,4,contract,NR_A_Struct,deploy_cost,188748
viair,4,contract,NR_A_Struct,deploy_size,653
viair,4,contract,NR_A_Three,deploy_cost,103169
viair,4,contract,NR_A_Three,deploy_size,256
viair,4,contract,NR_Ao_Struct,deploy_cost,169103
viair,4,contract,NR_Ao_Struct,deploy_size,562
viair,4,contract,PC_A_Heavy,deploy_cost,1710353
viair,4,contract,PC_A_Heavy,deploy_size,1562
viair,4,contract,PC_A_Min,deploy_cost,119908
viair,4,contract,PC_A_Min,deploy_size,235
viair,4,contract,PC_A_Simple,deploy_cost,273642
viair,4,contract,PC_A_Simple,deploy_size,1392
viair,4,contract,PC_Ao_Heavy,deploy_cost,1710258
viair,4,contract,PC_Ao_Heavy,deploy_size,1557
viair,4,contract,PC_Ao_Min,deploy_cost,119761
viair,4,contract,PC_Ao_Min,deploy_size,226
viair,4,contract,PC_Ao_Simple,deploy_cost,273535
viair,4,contract,PC_Ao_Simple,deploy_size,1387
viair,4,contract,UA_A_Arith100,deploy_cost,107647
viair,4,contract,UA_A_Arith100,deploy_size,277
viair,4,contract,UA_A_Arith1000,deploy_cost,107647
viair,4,contract,UA_A_Arith1000,deploy_size,277
viair,4,contract,UA_A_Arith5000,deploy_cost,107647
viair,4,contract,UA_A_Arith5000,deploy_size,277
viair,4,contract,UA_A_Sload100,deploy_cost,118311
viair,4,contract,UA_A_Sload100,deploy_size,328
viair,4,contract,UA_A_Sload1000,deploy_cost,118743
viair,4,contract,UA_A_Sload1000,deploy_size,330
viair,4,contract,UA_A_Sload5000,deploy_cost,118743
viair,4,contract,UA_A_Sload5000,deploy_size,330
viair,4,contract,UA_Ao_Arith100,deploy_cost,101591
viair,4,contract,UA_Ao_Arith100,deploy_size,249
viair,4,contract,UA_Ao_Arith1000,deploy_cost,101591
viair,4,contract,UA_Ao_Arith1000,deploy_size,249
viair,4,contract,UA_Ao_Arith5000,deploy_cost,101591
viair,4,contract,UA_Ao_Arith5000,deploy_size,249
viair,4,contract,UA_Ao_Sload100,deploy_cost,112051
viair,4,contract,UA_Ao_Sload100,deploy_size,299
viair,4,contract,UA_Ao_Sload1000,deploy_cost,112483
viair,4,contract,UA_Ao_Sload1000,deploy_size,301
viair,4,contract,UA_Ao_Sload5000,deploy_cost,112483
viair,4,contract,UA_Ao_Sload5000,deploy_size,301
viair,5,test,test_NamedReturn_three_A_get,gas,9828
viair,5,test,test_NamedReturn_struct_A_get,gas,13793
viair,5,test,test_NamedReturn_three_Ao_get,gas,10048
viair,5,test,test_NamedReturn_one_Ao_get,gas,7714
viair,5,test,test_PayableCtor_min_A_deploy,gas,152284
viair,5,test,test_PayableCtor_min_A_touch,gas,31595
viair,5,test,test_PayableCtor_min_Ao_deploy,gas,152394
viair,5,test,test_PayableCtor_min_Ao_touch,gas,31697
viair,5,test,test_CustomErrors_k20_A_set,gas,49281
viair,5,test,test_CustomErrors_k20_Ao_set,gas,49194
viair,5,test,test_PayableCtor_runtime_A_bump,gas,48647
viair,5,test,test_PayableCtor_runtime_Ao_bump,gas,48862
viair,5,test,test_CustomErrors_k5_A_set,gas,48703
viair,5,test,test_CustomErrors_k5_Ao_set,gas,48962
viair,5,test,test_CustomErrors_k1_A_set,gas,48920
viair,5,test,test_CustomErrors_k1_Ao_set,gas,48803
viair,5,test,test_PayableCtor_simple_A_deploy,gas,306573
viair,5,test,test_PayableCtor_simple_Ao_deploy,gas,306219
viair,5,test,test_Unchecked_arith100_A_loop,gas,37393
viair,5,test,test_Unchecked_arith100_Ao_loop,gas,35462
viair,5,test,test_Unchecked_sload100_A_loop,gas,271001
viair,5,test,test_Unchecked_sload100_Ao_loop,gas,268734
viair,5,test,test_PayableCtor_heavy_A_deploy,gas,1743453
viair,5,test,test_PayableCtor_heavy_A_touch,gas,48671
viair,5,test,test_PayableCtor_heavy_Ao_deploy,gas,1743138
viair,5,test,test_PayableCtor_heavy_Ao_touch,gas,48623
viair,5,test,test_NamedReturn_struct_Ao_get,gas,13475
viair,5,test,test_NamedReturn_one_A_get,gas,7604
viair,5,test,test_Unchecked_arith5000_A_loop,gas,458893
viair,5,test,test_Unchecked_arith5000_Ao_loop,gas,348903
viair,5,test,test_Unchecked_arith1000_A_loop,gas,115069
viair,5,test,test_Unchecked_arith1000_Ao_loop,gas,92947
viair,5,test,test_Unchecked_sload1000_A_loop,gas,2285146
viair,5,test,test_Unchecked_sload1000_Ao_loop,gas,2263227
viair,5,test,test_Unchecked_sload5000_A_loop,gas,11237080
viair,5,test,test_Unchecked_sload5000_Ao_loop,gas,11127293
viair,5,contract,CE_A_1,deploy_cost,91479
viair,5,contract,CE_A_1,deploy_size,202
viair,5,contract,CE_A_20,deploy_cost,398590
viair,5,contract,CE_A_20,deploy_size,1629
viair,5,contract,CE_A_5,deploy_cost,186936
viair,5,contract,CE_A_5,deploy_size,646
viair,5,contract,CE_Ao_1,deploy_cost,81961
viair,5,contract,CE_Ao_1,deploy_size,157
viair,5,contract,CE_Ao_20,deploy_cost,175735
viair,5,contract,CE_Ao_20,deploy_size,593
viair,5,contract,CE_Ao_5,deploy_cost,135103
viair,5,contract,CE_Ao_5,deploy_size,406
viair,5,contract,NR_A_One,deploy_cost,93867
viair,5,contract,NR_A_One,deploy_size,213
viair,5,contract,NR_A_Struct,deploy_cost,188748
viair,5,contract,NR_A_Struct,deploy_size,653
viair,5,contract,NR_A_Three,deploy_cost,103169
viair,5,contract,NR_A_Three,deploy_size,256
viair,5,contract,NR_Ao_Struct,deploy_cost,169103
viair,5,contract,NR_Ao_Struct,deploy_size,562
viair,5,contract,PC_A_Heavy,deploy_cost,1710353
viair,5,contract,PC_A_Heavy,deploy_size,1562
viair,5,contract,PC_A_Min,deploy_cost,119908
viair,5,contract,PC_A_Min,deploy_size,235
viair,5,contract,PC_A_Simple,deploy_cost,273642
viair,5,contract,PC_A_Simple,deploy_size,1392
viair,5,contract,PC_Ao_Heavy,deploy_cost,1710258
viair,5,contract,PC_Ao_Heavy,deploy_size,1557
viair,5,contract,PC_Ao_Min,deploy_cost,119761
viair,5,contract,PC_Ao_Min,deploy_size,226
viair,5,contract,PC_Ao_Simple,deploy_cost,273535
viair,5,contract,PC_Ao_Simple,deploy_size,1387
viair,5,contract,UA_A_Arith100,deploy_cost,107647
viair,5,contract,UA_A_Arith100,deploy_size,277
viair,5,contract,UA_A_Arith1000,deploy_cost,107647
viair,5,contract,UA_A_Arith1000,deploy_size,277
viair,5,contract,UA_A_Arith5000,deploy_cost,107647
viair,5,contract,UA_A_Arith5000,deploy_size,277
viair,5,contract,UA_A_Sload100,deploy_cost,118311
viair,5,contract,UA_A_Sload100,deploy_size,328
viair,5,contract,UA_A_Sload1000,deploy_cost,118743
viair,5,contract,UA_A_Sload1000,deploy_size,330
viair,5,contract,UA_A_Sload5000,deploy_cost,118743
viair,5,contract,UA_A_Sload5000,deploy_size,330
viair,5,contract,UA_Ao_Arith100,deploy_cost,101591
viair,5,contract,UA_Ao_Arith100,deploy_size,249
viair,5,contract,UA_Ao_Arith1000,deploy_cost,101591
viair,5,contract,UA_Ao_Arith1000,deploy_size,249
viair,5,contract,UA_Ao_Arith5000,deploy_cost,101591
viair,5,contract,UA_Ao_Arith5000,deploy_size,249
viair,5,contract,UA_Ao_Sload100,deploy_cost,112051
viair,5,contract,UA_Ao_Sload100,deploy_size,299
viair,5,contract,UA_Ao_Sload1000,deploy_cost,112483
viair,5,contract,UA_Ao_Sload1000,deploy_size,301
viair,5,contract,UA_Ao_Sload5000,deploy_cost,112483
viair,5,contract,UA_Ao_Sload5000,deploy_size,301
viair,6,test,test_NamedReturn_struct_A_get,gas,13793
viair,6,test,test_NamedReturn_one_A_get,gas,7604
viair,6,test,test_NamedReturn_one_Ao_get,gas,7714
viair,6,test,test_NamedReturn_three_A_get,gas,9828
viair,6,test,test_PayableCtor_runtime_A_bump,gas,48647
viair,6,test,test_PayableCtor_runtime_Ao_bump,gas,48862
viair,6,test,test_NamedReturn_three_Ao_get,gas,10048
viair,6,test,test_CustomErrors_k1_A_set,gas,48920
viair,6,test,test_CustomErrors_k1_Ao_set,gas,48803
viair,6,test,test_CustomErrors_k5_A_set,gas,48703
viair,6,test,test_CustomErrors_k5_Ao_set,gas,48962
viair,6,test,test_Unchecked_arith100_A_loop,gas,37393
viair,6,test,test_Unchecked_arith100_Ao_loop,gas,35462
viair,6,test,test_CustomErrors_k20_A_set,gas,49281
viair,6,test,test_CustomErrors_k20_Ao_set,gas,49194
viair,6,test,test_PayableCtor_heavy_A_deploy,gas,1743453
viair,6,test,test_PayableCtor_heavy_A_touch,gas,48671
viair,6,test,test_PayableCtor_heavy_Ao_deploy,gas,1743138
viair,6,test,test_PayableCtor_heavy_Ao_touch,gas,48623
viair,6,test,test_NamedReturn_struct_Ao_get,gas,13475
viair,6,test,test_PayableCtor_simple_A_deploy,gas,306573
viair,6,test,test_PayableCtor_simple_Ao_deploy,gas,306219
viair,6,test,test_Unchecked_sload100_A_loop,gas,271001
viair,6,test,test_Unchecked_sload100_Ao_loop,gas,268734
viair,6,test,test_Unchecked_arith1000_A_loop,gas,115069
viair,6,test,test_Unchecked_arith1000_Ao_loop,gas,92947
viair,6,test,test_Unchecked_arith5000_A_loop,gas,458893
viair,6,test,test_Unchecked_arith5000_Ao_loop,gas,348903
viair,6,test,test_Unchecked_sload1000_A_loop,gas,2285146
viair,6,test,test_Unchecked_sload1000_Ao_loop,gas,2263227
viair,6,test,test_Unchecked_sload5000_A_loop,gas,11237080
viair,6,test,test_Unchecked_sload5000_Ao_loop,gas,11127293
viair,6,test,test_PayableCtor_min_A_deploy,gas,152284
viair,6,test,test_PayableCtor_min_A_touch,gas,31595
viair,6,test,test_PayableCtor_min_Ao_deploy,gas,152394
viair,6,test,test_PayableCtor_min_Ao_touch,gas,31697
viair,6,contract,CE_A_1,deploy_cost,91479
viair,6,contract,CE_A_1,deploy_size,202
viair,6,contract,CE_A_20,deploy_cost,398590
viair,6,contract,CE_A_20,deploy_size,1629
viair,6,contract,CE_A_5,deploy_cost,186936
viair,6,contract,CE_A_5,deploy_size,646
viair,6,contract,CE_Ao_1,deploy_cost,81961
viair,6,contract,CE_Ao_1,deploy_size,157
viair,6,contract,CE_Ao_20,deploy_cost,175735
viair,6,contract,CE_Ao_20,deploy_size,593
viair,6,contract,CE_Ao_5,deploy_cost,135103
viair,6,contract,CE_Ao_5,deploy_size,406
viair,6,contract,NR_A_One,deploy_cost,93867
viair,6,contract,NR_A_One,deploy_size,213
viair,6,contract,NR_A_Struct,deploy_cost,188748
viair,6,contract,NR_A_Struct,deploy_size,653
viair,6,contract,NR_A_Three,deploy_cost,103169
viair,6,contract,NR_A_Three,deploy_size,256
viair,6,contract,NR_Ao_Struct,deploy_cost,169103
viair,6,contract,NR_Ao_Struct,deploy_size,562
viair,6,contract,PC_A_Heavy,deploy_cost,1710353
viair,6,contract,PC_A_Heavy,deploy_size,1562
viair,6,contract,PC_A_Min,deploy_cost,119908
viair,6,contract,PC_A_Min,deploy_size,235
viair,6,contract,PC_A_Simple,deploy_cost,273642
viair,6,contract,PC_A_Simple,deploy_size,1392
viair,6,contract,PC_Ao_Heavy,deploy_cost,1710258
viair,6,contract,PC_Ao_Heavy,deploy_size,1557
viair,6,contract,PC_Ao_Min,deploy_cost,119761
viair,6,contract,PC_Ao_Min,deploy_size,226
viair,6,contract,PC_Ao_Simple,deploy_cost,273535
viair,6,contract,PC_Ao_Simple,deploy_size,1387
viair,6,contract,UA_A_Arith100,deploy_cost,107647
viair,6,contract,UA_A_Arith100,deploy_size,277
viair,6,contract,UA_A_Arith1000,deploy_cost,107647
viair,6,contract,UA_A_Arith1000,deploy_size,277
viair,6,contract,UA_A_Arith5000,deploy_cost,107647
viair,6,contract,UA_A_Arith5000,deploy_size,277
viair,6,contract,UA_A_Sload100,deploy_cost,118311
viair,6,contract,UA_A_Sload100,deploy_size,328
viair,6,contract,UA_A_Sload1000,deploy_cost,118743
viair,6,contract,UA_A_Sload1000,deploy_size,330
viair,6,contract,UA_A_Sload5000,deploy_cost,118743
viair,6,contract,UA_A_Sload5000,deploy_size,330
viair,6,contract,UA_Ao_Arith100,deploy_cost,101591
viair,6,contract,UA_Ao_Arith100,deploy_size,249
viair,6,contract,UA_Ao_Arith1000,deploy_cost,101591
viair,6,contract,UA_Ao_Arith1000,deploy_size,249
viair,6,contract,UA_Ao_Arith5000,deploy_cost,101591
viair,6,contract,UA_Ao_Arith5000,deploy_size,249
viair,6,contract,UA_Ao_Sload100,deploy_cost,112051
viair,6,contract,UA_Ao_Sload100,deploy_size,299
viair,6,contract,UA_Ao_Sload1000,deploy_cost,112483
viair,6,contract,UA_Ao_Sload1000,deploy_size,301
viair,6,contract,UA_Ao_Sload5000,deploy_cost,112483
viair,6,contract,UA_Ao_Sload5000,deploy_size,301
viair,7,test,test_NamedReturn_one_Ao_get,gas,7714
viair,7,test,test_NamedReturn_struct_Ao_get,gas,13475
viair,7,test,test_NamedReturn_three_A_get,gas,9828
viair,7,test,test_NamedReturn_three_Ao_get,gas,10048
viair,7,test,test_CustomErrors_k1_A_set,gas,48920
viair,7,test,test_CustomErrors_k1_Ao_set,gas,48803
viair,7,test,test_CustomErrors_k5_A_set,gas,48703
viair,7,test,test_CustomErrors_k5_Ao_set,gas,48962
viair,7,test,test_CustomErrors_k20_A_set,gas,49281
viair,7,test,test_CustomErrors_k20_Ao_set,gas,49194
viair,7,test,test_PayableCtor_runtime_A_bump,gas,48647
viair,7,test,test_PayableCtor_runtime_Ao_bump,gas,48862
viair,7,test,test_PayableCtor_simple_A_deploy,gas,306573
viair,7,test,test_PayableCtor_simple_Ao_deploy,gas,306219
viair,7,test,test_PayableCtor_min_A_deploy,gas,152284
viair,7,test,test_PayableCtor_min_A_touch,gas,31595
viair,7,test,test_PayableCtor_min_Ao_deploy,gas,152394
viair,7,test,test_PayableCtor_min_Ao_touch,gas,31697
viair,7,test,test_Unchecked_arith1000_A_loop,gas,115069
viair,7,test,test_Unchecked_arith1000_Ao_loop,gas,92947
viair,7,test,test_NamedReturn_one_A_get,gas,7604
viair,7,test,test_NamedReturn_struct_A_get,gas,13793
viair,7,test,test_Unchecked_arith100_A_loop,gas,37393
viair,7,test,test_Unchecked_arith100_Ao_loop,gas,35462
viair,7,test,test_Unchecked_arith5000_A_loop,gas,458893
viair,7,test,test_Unchecked_arith5000_Ao_loop,gas,348903
viair,7,test,test_Unchecked_sload100_A_loop,gas,271001
viair,7,test,test_Unchecked_sload100_Ao_loop,gas,268734
viair,7,test,test_Unchecked_sload1000_A_loop,gas,2285146
viair,7,test,test_Unchecked_sload1000_Ao_loop,gas,2263227
viair,7,test,test_PayableCtor_heavy_A_deploy,gas,1743453
viair,7,test,test_PayableCtor_heavy_A_touch,gas,48671
viair,7,test,test_PayableCtor_heavy_Ao_deploy,gas,1743138
viair,7,test,test_PayableCtor_heavy_Ao_touch,gas,48623
viair,7,test,test_Unchecked_sload5000_A_loop,gas,11237080
viair,7,test,test_Unchecked_sload5000_Ao_loop,gas,11127293
viair,7,contract,CE_A_1,deploy_cost,91479
viair,7,contract,CE_A_1,deploy_size,202
viair,7,contract,CE_A_20,deploy_cost,398590
viair,7,contract,CE_A_20,deploy_size,1629
viair,7,contract,CE_A_5,deploy_cost,186936
viair,7,contract,CE_A_5,deploy_size,646
viair,7,contract,CE_Ao_1,deploy_cost,81961
viair,7,contract,CE_Ao_1,deploy_size,157
viair,7,contract,CE_Ao_20,deploy_cost,175735
viair,7,contract,CE_Ao_20,deploy_size,593
viair,7,contract,CE_Ao_5,deploy_cost,135103
viair,7,contract,CE_Ao_5,deploy_size,406
viair,7,contract,NR_A_One,deploy_cost,93867
viair,7,contract,NR_A_One,deploy_size,213
viair,7,contract,NR_A_Struct,deploy_cost,188748
viair,7,contract,NR_A_Struct,deploy_size,653
viair,7,contract,NR_A_Three,deploy_cost,103169
viair,7,contract,NR_A_Three,deploy_size,256
viair,7,contract,NR_Ao_Struct,deploy_cost,169103
viair,7,contract,NR_Ao_Struct,deploy_size,562
viair,7,contract,PC_A_Heavy,deploy_cost,1710353
viair,7,contract,PC_A_Heavy,deploy_size,1562
viair,7,contract,PC_A_Min,deploy_cost,119908
viair,7,contract,PC_A_Min,deploy_size,235
viair,7,contract,PC_A_Simple,deploy_cost,273642
viair,7,contract,PC_A_Simple,deploy_size,1392
viair,7,contract,PC_Ao_Heavy,deploy_cost,1710258
viair,7,contract,PC_Ao_Heavy,deploy_size,1557
viair,7,contract,PC_Ao_Min,deploy_cost,119761
viair,7,contract,PC_Ao_Min,deploy_size,226
viair,7,contract,PC_Ao_Simple,deploy_cost,273535
viair,7,contract,PC_Ao_Simple,deploy_size,1387
viair,7,contract,UA_A_Arith100,deploy_cost,107647
viair,7,contract,UA_A_Arith100,deploy_size,277
viair,7,contract,UA_A_Arith1000,deploy_cost,107647
viair,7,contract,UA_A_Arith1000,deploy_size,277
viair,7,contract,UA_A_Arith5000,deploy_cost,107647
viair,7,contract,UA_A_Arith5000,deploy_size,277
viair,7,contract,UA_A_Sload100,deploy_cost,118311
viair,7,contract,UA_A_Sload100,deploy_size,328
viair,7,contract,UA_A_Sload1000,deploy_cost,118743
viair,7,contract,UA_A_Sload1000,deploy_size,330
viair,7,contract,UA_A_Sload5000,deploy_cost,118743
viair,7,contract,UA_A_Sload5000,deploy_size,330
viair,7,contract,UA_Ao_Arith100,deploy_cost,101591
viair,7,contract,UA_Ao_Arith100,deploy_size,249
viair,7,contract,UA_Ao_Arith1000,deploy_cost,101591
viair,7,contract,UA_Ao_Arith1000,deploy_size,249
viair,7,contract,UA_Ao_Arith5000,deploy_cost,101591
viair,7,contract,UA_Ao_Arith5000,deploy_size,249
viair,7,contract,UA_Ao_Sload100,deploy_cost,112051
viair,7,contract,UA_Ao_Sload100,deploy_size,299
viair,7,contract,UA_Ao_Sload1000,deploy_cost,112483
viair,7,contract,UA_Ao_Sload1000,deploy_size,301
viair,7,contract,UA_Ao_Sload5000,deploy_cost,112483
viair,7,contract,UA_Ao_Sload5000,deploy_size,301
viair,8,test,test_NamedReturn_three_A_get,gas,9828
viair,8,test,test_NamedReturn_three_Ao_get,gas,10048
viair,8,test,test_NamedReturn_struct_A_get,gas,13793
viair,8,test,test_NamedReturn_one_A_get,gas,7604
viair,8,test,test_CustomErrors_k5_A_set,gas,48703
viair,8,test,test_CustomErrors_k5_Ao_set,gas,48962
viair,8,test,test_PayableCtor_min_A_deploy,gas,152284
viair,8,test,test_PayableCtor_min_A_touch,gas,31595
viair,8,test,test_PayableCtor_min_Ao_deploy,gas,152394
viair,8,test,test_PayableCtor_min_Ao_touch,gas,31697
viair,8,test,test_PayableCtor_runtime_A_bump,gas,48647
viair,8,test,test_PayableCtor_runtime_Ao_bump,gas,48862
viair,8,test,test_NamedReturn_struct_Ao_get,gas,13475
viair,8,test,test_CustomErrors_k20_A_set,gas,49281
viair,8,test,test_CustomErrors_k20_Ao_set,gas,49194
viair,8,test,test_Unchecked_arith100_A_loop,gas,37393
viair,8,test,test_Unchecked_arith100_Ao_loop,gas,35462
viair,8,test,test_PayableCtor_heavy_A_deploy,gas,1743453
viair,8,test,test_PayableCtor_heavy_A_touch,gas,48671
viair,8,test,test_PayableCtor_heavy_Ao_deploy,gas,1743138
viair,8,test,test_PayableCtor_heavy_Ao_touch,gas,48623
viair,8,test,test_Unchecked_sload100_A_loop,gas,271001
viair,8,test,test_Unchecked_sload100_Ao_loop,gas,268734
viair,8,test,test_NamedReturn_one_Ao_get,gas,7714
viair,8,test,test_CustomErrors_k1_A_set,gas,48920
viair,8,test,test_CustomErrors_k1_Ao_set,gas,48803
viair,8,test,test_Unchecked_arith5000_A_loop,gas,458893
viair,8,test,test_Unchecked_arith5000_Ao_loop,gas,348903
viair,8,test,test_Unchecked_sload1000_A_loop,gas,2285146
viair,8,test,test_Unchecked_sload1000_Ao_loop,gas,2263227
viair,8,test,test_Unchecked_arith1000_A_loop,gas,115069
viair,8,test,test_Unchecked_arith1000_Ao_loop,gas,92947
viair,8,test,test_Unchecked_sload5000_A_loop,gas,11237080
viair,8,test,test_Unchecked_sload5000_Ao_loop,gas,11127293
viair,8,test,test_PayableCtor_simple_A_deploy,gas,306573
viair,8,test,test_PayableCtor_simple_Ao_deploy,gas,306219
viair,8,contract,CE_A_1,deploy_cost,91479
viair,8,contract,CE_A_1,deploy_size,202
viair,8,contract,CE_A_20,deploy_cost,398590
viair,8,contract,CE_A_20,deploy_size,1629
viair,8,contract,CE_A_5,deploy_cost,186936
viair,8,contract,CE_A_5,deploy_size,646
viair,8,contract,CE_Ao_1,deploy_cost,81961
viair,8,contract,CE_Ao_1,deploy_size,157
viair,8,contract,CE_Ao_20,deploy_cost,175735
viair,8,contract,CE_Ao_20,deploy_size,593
viair,8,contract,CE_Ao_5,deploy_cost,135103
viair,8,contract,CE_Ao_5,deploy_size,406
viair,8,contract,NR_A_One,deploy_cost,93867
viair,8,contract,NR_A_One,deploy_size,213
viair,8,contract,NR_A_Struct,deploy_cost,188748
viair,8,contract,NR_A_Struct,deploy_size,653
viair,8,contract,NR_A_Three,deploy_cost,103169
viair,8,contract,NR_A_Three,deploy_size,256
viair,8,contract,NR_Ao_Struct,deploy_cost,169103
viair,8,contract,NR_Ao_Struct,deploy_size,562
viair,8,contract,PC_A_Heavy,deploy_cost,1710353
viair,8,contract,PC_A_Heavy,deploy_size,1562
viair,8,contract,PC_A_Min,deploy_cost,119908
viair,8,contract,PC_A_Min,deploy_size,235
viair,8,contract,PC_A_Simple,deploy_cost,273642
viair,8,contract,PC_A_Simple,deploy_size,1392
viair,8,contract,PC_Ao_Heavy,deploy_cost,1710258
viair,8,contract,PC_Ao_Heavy,deploy_size,1557
viair,8,contract,PC_Ao_Min,deploy_cost,119761
viair,8,contract,PC_Ao_Min,deploy_size,226
viair,8,contract,PC_Ao_Simple,deploy_cost,273535
viair,8,contract,PC_Ao_Simple,deploy_size,1387
viair,8,contract,UA_A_Arith100,deploy_cost,107647
viair,8,contract,UA_A_Arith100,deploy_size,277
viair,8,contract,UA_A_Arith1000,deploy_cost,107647
viair,8,contract,UA_A_Arith1000,deploy_size,277
viair,8,contract,UA_A_Arith5000,deploy_cost,107647
viair,8,contract,UA_A_Arith5000,deploy_size,277
viair,8,contract,UA_A_Sload100,deploy_cost,118311
viair,8,contract,UA_A_Sload100,deploy_size,328
viair,8,contract,UA_A_Sload1000,deploy_cost,118743
viair,8,contract,UA_A_Sload1000,deploy_size,330
viair,8,contract,UA_A_Sload5000,deploy_cost,118743
viair,8,contract,UA_A_Sload5000,deploy_size,330
viair,8,contract,UA_Ao_Arith100,deploy_cost,101591
viair,8,contract,UA_Ao_Arith100,deploy_size,249
viair,8,contract,UA_Ao_Arith1000,deploy_cost,101591
viair,8,contract,UA_Ao_Arith1000,deploy_size,249
viair,8,contract,UA_Ao_Arith5000,deploy_cost,101591
viair,8,contract,UA_Ao_Arith5000,deploy_size,249
viair,8,contract,UA_Ao_Sload100,deploy_cost,112051
viair,8,contract,UA_Ao_Sload100,deploy_size,299
viair,8,contract,UA_Ao_Sload1000,deploy_cost,112483
viair,8,contract,UA_Ao_Sload1000,deploy_size,301
viair,8,contract,UA_Ao_Sload5000,deploy_cost,112483
viair,8,contract,UA_Ao_Sload5000,deploy_size,301
viair,9,test,test_NamedReturn_three_Ao_get,gas,10048
viair,9,test,test_NamedReturn_three_A_get,gas,9828
viair,9,test,test_NamedReturn_one_A_get,gas,7604
viair,9,test,test_NamedReturn_one_Ao_get,gas,7714
viair,9,test,test_NamedReturn_struct_Ao_get,gas,13475
viair,9,test,test_NamedReturn_struct_A_get,gas,13793
viair,9,test,test_CustomErrors_k20_A_set,gas,49281
viair,9,test,test_CustomErrors_k20_Ao_set,gas,49194
viair,9,test,test_CustomErrors_k5_A_set,gas,48703
viair,9,test,test_CustomErrors_k5_Ao_set,gas,48962
viair,9,test,test_PayableCtor_min_A_deploy,gas,152284
viair,9,test,test_PayableCtor_min_A_touch,gas,31595
viair,9,test,test_PayableCtor_min_Ao_deploy,gas,152394
viair,9,test,test_PayableCtor_min_Ao_touch,gas,31697
viair,9,test,test_Unchecked_sload100_A_loop,gas,271001
viair,9,test,test_Unchecked_sload100_Ao_loop,gas,268734
viair,9,test,test_Unchecked_arith1000_A_loop,gas,115069
viair,9,test,test_Unchecked_arith1000_Ao_loop,gas,92947
viair,9,test,test_Unchecked_arith100_A_loop,gas,37393
viair,9,test,test_Unchecked_arith100_Ao_loop,gas,35462
viair,9,test,test_PayableCtor_heavy_A_deploy,gas,1743453
viair,9,test,test_PayableCtor_heavy_A_touch,gas,48671
viair,9,test,test_PayableCtor_heavy_Ao_deploy,gas,1743138
viair,9,test,test_PayableCtor_heavy_Ao_touch,gas,48623
viair,9,test,test_CustomErrors_k1_A_set,gas,48920
viair,9,test,test_CustomErrors_k1_Ao_set,gas,48803
viair,9,test,test_PayableCtor_runtime_A_bump,gas,48647
viair,9,test,test_PayableCtor_runtime_Ao_bump,gas,48862
viair,9,test,test_PayableCtor_simple_A_deploy,gas,306573
viair,9,test,test_PayableCtor_simple_Ao_deploy,gas,306219
viair,9,test,test_Unchecked_arith5000_A_loop,gas,458893
viair,9,test,test_Unchecked_arith5000_Ao_loop,gas,348903
viair,9,test,test_Unchecked_sload1000_A_loop,gas,2285146
viair,9,test,test_Unchecked_sload1000_Ao_loop,gas,2263227
viair,9,test,test_Unchecked_sload5000_A_loop,gas,11237080
viair,9,test,test_Unchecked_sload5000_Ao_loop,gas,11127293
viair,9,contract,CE_A_1,deploy_cost,91479
viair,9,contract,CE_A_1,deploy_size,202
viair,9,contract,CE_A_20,deploy_cost,398590
viair,9,contract,CE_A_20,deploy_size,1629
viair,9,contract,CE_A_5,deploy_cost,186936
viair,9,contract,CE_A_5,deploy_size,646
viair,9,contract,CE_Ao_1,deploy_cost,81961
viair,9,contract,CE_Ao_1,deploy_size,157
viair,9,contract,CE_Ao_20,deploy_cost,175735
viair,9,contract,CE_Ao_20,deploy_size,593
viair,9,contract,CE_Ao_5,deploy_cost,135103
viair,9,contract,CE_Ao_5,deploy_size,406
viair,9,contract,NR_A_One,deploy_cost,93867
viair,9,contract,NR_A_One,deploy_size,213
viair,9,contract,NR_A_Struct,deploy_cost,188748
viair,9,contract,NR_A_Struct,deploy_size,653
viair,9,contract,NR_A_Three,deploy_cost,103169
viair,9,contract,NR_A_Three,deploy_size,256
viair,9,contract,NR_Ao_Struct,deploy_cost,169103
viair,9,contract,NR_Ao_Struct,deploy_size,562
viair,9,contract,PC_A_Heavy,deploy_cost,1710353
viair,9,contract,PC_A_Heavy,deploy_size,1562
viair,9,contract,PC_A_Min,deploy_cost,119908
viair,9,contract,PC_A_Min,deploy_size,235
viair,9,contract,PC_A_Simple,deploy_cost,273642
viair,9,contract,PC_A_Simple,deploy_size,1392
viair,9,contract,PC_Ao_Heavy,deploy_cost,1710258
viair,9,contract,PC_Ao_Heavy,deploy_size,1557
viair,9,contract,PC_Ao_Min,deploy_cost,119761
viair,9,contract,PC_Ao_Min,deploy_size,226
viair,9,contract,PC_Ao_Simple,deploy_cost,273535
viair,9,contract,PC_Ao_Simple,deploy_size,1387
viair,9,contract,UA_A_Arith100,deploy_cost,107647
viair,9,contract,UA_A_Arith100,deploy_size,277
viair,9,contract,UA_A_Arith1000,deploy_cost,107647
viair,9,contract,UA_A_Arith1000,deploy_size,277
viair,9,contract,UA_A_Arith5000,deploy_cost,107647
viair,9,contract,UA_A_Arith5000,deploy_size,277
viair,9,contract,UA_A_Sload100,deploy_cost,118311
viair,9,contract,UA_A_Sload100,deploy_size,328
viair,9,contract,UA_A_Sload1000,deploy_cost,118743
viair,9,contract,UA_A_Sload1000,deploy_size,330
viair,9,contract,UA_A_Sload5000,deploy_cost,118743
viair,9,contract,UA_A_Sload5000,deploy_size,330
viair,9,contract,UA_Ao_Arith100,deploy_cost,101591
viair,9,contract,UA_Ao_Arith100,deploy_size,249
viair,9,contract,UA_Ao_Arith1000,deploy_cost,101591
viair,9,contract,UA_Ao_Arith1000,deploy_size,249
viair,9,contract,UA_Ao_Arith5000,deploy_cost,101591
viair,9,contract,UA_Ao_Arith5000,deploy_size,249
viair,9,contract,UA_Ao_Sload100,deploy_cost,112051
viair,9,contract,UA_Ao_Sload100,deploy_size,299
viair,9,contract,UA_Ao_Sload1000,deploy_cost,112483
viair,9,contract,UA_Ao_Sload1000,deploy_size,301
viair,9,contract,UA_Ao_Sload5000,deploy_cost,112483
viair,9,contract,UA_Ao_Sload5000,deploy_size,301
viair,10,test,test_NamedReturn_struct_A_get,gas,13793
viair,10,test,test_NamedReturn_one_A_get,gas,7604
viair,10,test,test_NamedReturn_three_A_get,gas,9828
viair,10,test,test_PayableCtor_simple_A_deploy,gas,306573
viair,10,test,test_PayableCtor_simple_Ao_deploy,gas,306219
viair,10,test,test_NamedReturn_struct_Ao_get,gas,13475
viair,10,test,test_Unchecked_arith100_A_loop,gas,37393
viair,10,test,test_Unchecked_arith100_Ao_loop,gas,35462
viair,10,test,test_NamedReturn_three_Ao_get,gas,10048
viair,10,test,test_CustomErrors_k1_A_set,gas,48920
viair,10,test,test_CustomErrors_k1_Ao_set,gas,48803
viair,10,test,test_CustomErrors_k5_A_set,gas,48703
viair,10,test,test_CustomErrors_k5_Ao_set,gas,48962
viair,10,test,test_CustomErrors_k20_A_set,gas,49281
viair,10,test,test_CustomErrors_k20_Ao_set,gas,49194
viair,10,test,test_PayableCtor_heavy_A_deploy,gas,1743453
viair,10,test,test_PayableCtor_heavy_A_touch,gas,48671
viair,10,test,test_PayableCtor_heavy_Ao_deploy,gas,1743138
viair,10,test,test_PayableCtor_heavy_Ao_touch,gas,48623
viair,10,test,test_Unchecked_arith1000_A_loop,gas,115069
viair,10,test,test_Unchecked_arith1000_Ao_loop,gas,92947
viair,10,test,test_NamedReturn_one_Ao_get,gas,7714
viair,10,test,test_PayableCtor_runtime_A_bump,gas,48647
viair,10,test,test_PayableCtor_runtime_Ao_bump,gas,48862
viair,10,test,test_Unchecked_sload1000_A_loop,gas,2285146
viair,10,test,test_Unchecked_sload1000_Ao_loop,gas,2263227
viair,10,test,test_Unchecked_arith5000_A_loop,gas,458893
viair,10,test,test_Unchecked_arith5000_Ao_loop,gas,348903
viair,10,test,test_Unchecked_sload100_A_loop,gas,271001
viair,10,test,test_Unchecked_sload100_Ao_loop,gas,268734
viair,10,test,test_Unchecked_sload5000_A_loop,gas,11237080
viair,10,test,test_Unchecked_sload5000_Ao_loop,gas,11127293
viair,10,test,test_PayableCtor_min_A_deploy,gas,152284
viair,10,test,test_PayableCtor_min_A_touch,gas,31595
viair,10,test,test_PayableCtor_min_Ao_deploy,gas,152394
viair,10,test,test_PayableCtor_min_Ao_touch,gas,31697
viair,10,contract,CE_A_1,deploy_cost,91479
viair,10,contract,CE_A_1,deploy_size,202
viair,10,contract,CE_A_20,deploy_cost,398590
viair,10,contract,CE_A_20,deploy_size,1629
viair,10,contract,CE_A_5,deploy_cost,186936
viair,10,contract,CE_A_5,deploy_size,646
viair,10,contract,CE_Ao_1,deploy_cost,81961
viair,10,contract,CE_Ao_1,deploy_size,157
viair,10,contract,CE_Ao_20,deploy_cost,175735
viair,10,contract,CE_Ao_20,deploy_size,593
viair,10,contract,CE_Ao_5,deploy_cost,135103
viair,10,contract,CE_Ao_5,deploy_size,406
viair,10,contract,NR_A_One,deploy_cost,93867
viair,10,contract,NR_A_One,deploy_size,213
viair,10,contract,NR_A_Struct,deploy_cost,188748
viair,10,contract,NR_A_Struct,deploy_size,653
viair,10,contract,NR_A_Three,deploy_cost,103169
viair,10,contract,NR_A_Three,deploy_size,256
viair,10,contract,NR_Ao_Struct,deploy_cost,169103
viair,10,contract,NR_Ao_Struct,deploy_size,562
viair,10,contract,PC_A_Heavy,deploy_cost,1710353
viair,10,contract,PC_A_Heavy,deploy_size,1562
viair,10,contract,PC_A_Min,deploy_cost,119908
viair,10,contract,PC_A_Min,deploy_size,235
viair,10,contract,PC_A_Simple,deploy_cost,273642
viair,10,contract,PC_A_Simple,deploy_size,1392
viair,10,contract,PC_Ao_Heavy,deploy_cost,1710258
viair,10,contract,PC_Ao_Heavy,deploy_size,1557
viair,10,contract,PC_Ao_Min,deploy_cost,119761
viair,10,contract,PC_Ao_Min,deploy_size,226
viair,10,contract,PC_Ao_Simple,deploy_cost,273535
viair,10,contract,PC_Ao_Simple,deploy_size,1387
viair,10,contract,UA_A_Arith100,deploy_cost,107647
viair,10,contract,UA_A_Arith100,deploy_size,277
viair,10,contract,UA_A_Arith1000,deploy_cost,107647
viair,10,contract,UA_A_Arith1000,deploy_size,277
viair,10,contract,UA_A_Arith5000,deploy_cost,107647
viair,10,contract,UA_A_Arith5000,deploy_size,277
viair,10,contract,UA_A_Sload100,deploy_cost,118311
viair,10,contract,UA_A_Sload100,deploy_size,328
viair,10,contract,UA_A_Sload1000,deploy_cost,118743
viair,10,contract,UA_A_Sload1000,deploy_size,330
viair,10,contract,UA_A_Sload5000,deploy_cost,118743
viair,10,contract,UA_A_Sload5000,deploy_size,330
viair,10,contract,UA_Ao_Arith100,deploy_cost,101591
viair,10,contract,UA_Ao_Arith100,deploy_size,249
viair,10,contract,UA_Ao_Arith1000,deploy_cost,101591
viair,10,contract,UA_Ao_Arith1000,deploy_size,249
viair,10,contract,UA_Ao_Arith5000,deploy_cost,101591
viair,10,contract,UA_Ao_Arith5000,deploy_size,249
viair,10,contract,UA_Ao_Sload100,deploy_cost,112051
viair,10,contract,UA_Ao_Sload100,deploy_size,299
viair,10,contract,UA_Ao_Sload1000,deploy_cost,112483
viair,10,contract,UA_Ao_Sload1000,deploy_size,301
viair,10,contract,UA_Ao_Sload5000,deploy_cost,112483
viair,10,contract,UA_Ao_Sload5000,deploy_size,301
